EAAGIGILTV,CASSLGNEQF,1
EAAGIGILTV,CASSLGVATGELF,1
EAAGIGILTV,CASSQEEGGGSWGNTIYF,1
EAAGIGILTV,CASSQEGLAGASQYF,1
EAAGIGILTV,CASSQETDIVFNOPQHF,1
EAAGIGILTV,CASSQGQLTDTQYF,1
EAAGIGILTV,CASSRTVGGPNEQF,1
EAAGIGILTV,CASSTGQGWGSF,1
EAAGIGILTV,CSTDGQTGTGELF,1
YLEPGPVTA,CASSLGSSYEQYF,1
SAYGEPRKL,CASLAGQGYNEQF,1
SAYGEPRKL,CASRLWFWALEAF,1
EAAGIGILTV,CASSQGTSQFNEQF,1
EAAGIGILTV,CASSSGQGLNIQYF,1
IVTDFSVIK,CASSESAGGYYNEQF,1
IVTDFSVIK,CASSFGFGSSYGYTF,1
AVFDRKSDAK,CASSLASATGELF,1
IVTDFSVIK,CASSLEPGRNEKLF,1
IVTDFSVIK,CASSLSRGLLNEAF,1
AVFDRKSDAK,CASSLTSAAGELF,1
AVFDRKSDAK,CASSPTSAAGELF,1
IVTDFSVIK,CASSVAESPGYPPLVTEAF,1
IVTDFSVIK,CASSVGDGGANTQYF,1
AVFDRKSDAK,CASSVTSATGELF,1
IVTDFSVIK,CASSWGGAAQF,1
IVTDFSVIK,CASTTGGATGYTF,1
AVFDRKSDAK,CATGPRANTGELF,1
IVTDFSVIK,CSASLYGRGQPQHF,1
GLCTLVAML,CAMREDRDNYGKNFVF,1
GLCTLVAML,CASSEGNVAPGELF,1
GLCTLVAML,CASSSGELSAGELF,1
GLCTLVAML,CASSSGSGGYYNEQF,1
GLCTLVAML,CSAQGVGGQTYNEQF,1
GLCTLVAML,CSARVRSDRDVGNTIYF,1
GLCTLVAML,CSASIFRDLTHNEQF,1
GLCTLVAML,CSVRGQGDEQF,1
GLCTLVAML,CASDSGVGNTIYF,1
GLCTLVAML,CASGSGVGNTIYF,1
GLCTLVAML,CASRSGVGNTIYF,1
RAKFKQLL,CASSFSRNTGELF,1
RAKFKQLL,CASSRGQGEQYF,1
GLCTLVAML,CASVSGVGNTIYF,1
GLCTLVAML,CASSEGQVSPGELF,1
GLCTLVAML,CASSKGSVAPGELF,1
GLCTLVAML,CASSLDAGDEQF,1
GLCTLVAML,CASSLDVGTEAF,1
GLCTLVAML,CASSLRIDGTDTQYF,1
GLCTLVAML,CASSLRNSYEQF,1
GLCTLVAML,CASSPGLTYPGELF,1
GLCTLVAML,CASSPPSGSGFNEQF,1
GLCTLVAML,CASSQAGLAAYNEQF,1
GLCTLVAML,CASSQSPGGIAF,1
GLCTLVAML,CASSQSPGGYQF,1
GLCTLVAML,CASSSGLLSNTGELF,1
GLCTLVAML,CASSVEGLRVTGELF,1
GLCTLVAML,CASSVVGSDEQF,1
GLCTLVAML,CSAGTGGTNEQF,1
GLCTLVAML,CSAMAGGLRIYNEQF,1
GLCTLVAML,CSARDGTGNGYYTF,1
GLCTLVAML,CSVAGLTTIEQF,1
GLCTLVAML,CSVEAGGRIYNEQF,1
GLCTLVAML,CSVEAGGSIYNEQF,1
GLCTLVAML,CSVGAAGTNEKLF,1
GLCTLVAML,CSVGSEGTNEQF,1
GLCTLVAML,CSVGTGGTNEQF,1
GLCTLVAML,CASNPGTSNEQF,1
GLCTLVAML,CSVQEGNYGYTF,1
KAFSPEVIPMF,CAGTGTAYGYTF,1
KAFSPEVIPMF,CANSSFLSSGETQYF,1
KAFSPEVIPMF,CASEAGNTIY,1
KAFSPEVIPMF,CASEDSSDGANYGYT,1
KAFSPEVIPMF,CASNSREVYGYTF,1
KAFSPEVIPMF,CASSFLLDGYT,1
KAFSPEVIPMF,CASSGLGGYT,1
KAFSPEVIPMF,CASSGQEYGYTF,1
KAFSPEVIPMF,CASSGQGGYT,1
KAFSPEVIPMF,CASSGQGYGYAF,1
KAFSPEVIPMF,CASSGQSYGYA,1
KAFSPEVIPMF,CASSGTASFDEQF,1
KAFSPEVIPMF,CASSGTTSFDEQF,1
KAFSPEVIPMF,CASSLAETSADGYT,1
KAFSPEVIPMF,CASSLAGTHETQY,1
KAFSPEVIPMF,CASSLGASISYEQYF,1
KAFSPEVIPMF,CASSLTAPDTDAF,1
KAFSPEVIPMF,CASSLVSNYGYT,1
KAFSPEVIPMF,CASSPDRARDGYT,1
KAFSPEVIPMF,CASSPYAGSEQF,1
KAFSPEVIPMF,CASSQLGQSTDTQYF,1
KAFSPEVIPMF,CASSQRQDSSYNEQF,1
KAFSPEVIPMF,CASSRQGFTF,1
KAFSPEVIPMF,CASSSAGTQETQYF,1
KAFSPEVIPMF,CASSSDRARDGYT,1
KAFSPEVIPMF,CASSSWEGLDTQY,1
KAFSPEVIPMF,CASSWSGGQRGYT,1
KAFSPEVIPMF,CASSYSDGNEAF,1
KAFSPEVIPMF,CASTGGQYGYTF,1
KAFSPEVIPMF,CASTGSGYGYTF,1
KAFSPEVIPMF,CATSDLGAGTSGTGELF,1
KAFSPEVIPMF,CATSDLRGGKF,1
KAFSPEVIPMF,CATTGTYGYTF,1
KAFSPEVIPMF,CSARAGTKTYEQY,1
KAFSPEVIPMF,CSARPGQGTVALH,1
KAFSPEVIPMF,CSARPQGQTVALH,1
KAFSPEVIPMF,CSVEDPDRPSYGYT,1
KAFSPEVIPMF,CSVKGQGDTELF,1
KAFSPEVIPMF,CVSEDSSDGANYGYT,1
KAFSPEVIPMF,CVSSESRMGSQANYGYTF,1
KAFSPEVIPMF,CVSSLAGTQETQYF,1
KAFSPEVIPMF,CAASTSAVLGKKGSQETQYF,1
KAFSPEVIPMF,CASEGGNTIYF,1
KAFSPEVIPMF,CASEITRDRRNTIYF,1
KAFSPEVIPMF,CASILTSGRNEQF,1
RAFSPEVIPMF,CASMGLAQETQYF,1
RAFSPEVIPMF,CASRGGSGELF,1
KAFSPEVIPMF,CASRKGQGDWEAF,1
KAFSPEVIPMF,CASSDGQGRLGYTF,1
RAFSPEVIPMF,CASSGFRDRVNEQYF,1
KAFSPEVIPMF,CASSGFTGFANEAF,1
KAFSPEVIPMF,CASSLGGGQNGYTF,1
KAFSPEVIPMF,CASSLGLDETQYF,1
KAFSPEVIPMF,CASSLNSKVSSSYEQYF,1
RAFSPEVIPMF,CASSQGVTTGGFLNYGYTF,1
KAFSPEVIPMF,CASSSWTGQDEQF,1
KAFSPEVIPMF,CASSYLNTIYF,1
RAFSPEVIPMF,CASTDTGDYGYTF,1
RAFSPEVIPMF,CASTDTGYYGYTF,1
KAFSPEVIPMF,CATPGEVLSPNYGYTF,1
KAFSPEVIPMF,CATSDLMDNEQF,1
GLCTLVAML,CASSEGRVSPGELF,1
EAAGIGILTV,CASIWAGLGQPQHF,1
EAAGIGILTV,CASQSGFLSNSPLHF,1
EAAGIGILTV,CASRDGTLSYNEQF,1
EAAGIGILTV,CASRLATLVGNEQF,1
EAAGIGILTV,CASRQQGLGSPLHF,1
EAAGIGILTV,CASRSGSLNTEAF,1
EAAGIGILTV,CASRWGQLTNYGYTF,1
EAAGIGILTV,CASRYQGLGQPQHF,1
EAAGIGILTV,CASSATGADQPQHF,1
EAAGIGILTV,CASSDYSNQPQHF,1
EAAGIGILTV,CASSEGMGQPQHF,1
EAAGIGILTV,CASSENQLMNTEAF,1
EAAGIGILTV,CASSFRGQNTEAF,1
EAAGIGILTV,CASSGQGMGYTF,1
EAAGIGILTV,CASSHQGVGQPQHF,1
EAAGIGILTV,CASSIAAVSLANYGYTF,1
EAAGIGILTV,CASSIEFDRGAPTEQYF,1
EAAGIGILTV,CASSKPSGINEQF,1
EAAGIGILTV,CASSLAGLADNEQF,1
EAAGIGILTV,CASSLAWALQDEQYF,1
EAAGIGILTV,CASSLLGGLEAF,1
EAAGIGILTV,CASSLQGLGTEAF,1
EAAGIGILTV,CASSLQGMGQPQHF,1
EAAGIGILTV,CASSLTTPPSTDTQYF,1
EAAGIGILTV,CASSPGQGSPLHF,1
EAAGIGILTV,CASSPGVLANEQYF,1
EAAGIGILTV,CASSQGQLSSYNEQF,1
EAAGIGILTV,CASSQQGLGTEAF,1
EAAGIGILTV,CASSQYEVQETQYF,1
EAAGIGILTV,CASSVQGLGQPQHF,1
EAAGIGILTV,CASSVWADPNEAF,1
EAAGIGILTV,CASSWSQLVHEQF,1
EAAGIGILTV,CASSYGDLYTGELF,1
EAAGIGILTV,CASSYRGQSNQPQHF,1
EAAGIGILTV,CASTLTGLGQPQHF,1
EAAGIGILTV,CASTPPGSETQYF,1
EAAGIGILTV,CASTYTSLAHNEQF,1
EAAGIGILTV,CATAPREDRVGNEAF,1
EAAGIGILTV,CATSDQGGTEDEQF,1
EAAGIGILTV,CATSDSRQINTGELF,1
EAAGIGILTV,CAWSGGGGRVHEQYF,1
EAAGIGILTV,CAWSVPGLGQPQHF,1
EAAGIGILTV,CAWSVQGLGYGYTF,1
EAAGIGILTV,CSAPDTGLGQPQHF,1
EAAGIGILTV,CSARAGAETQYF,1
EAAGIGILTV,CSARAGNQPQHF,1
EAAGIGILTV,CSARSRGGGIETQYF,1
GLCTLVAML,CAFQEASYGYTF,1
GLCTLVAML,CAMREVNTEAF,1
GLCTLVAML,CARDRIGNGYTF,1
GLCTLVAML,CARDRTGNGYTF,1
GLCTLVAML,CARDSTGNGYTF,1
GLCTLVAML,CARDSVGNGYTF,1
GLCTLVAML,CARDTIGNGYTF,1
GLCTLVAML,CAREGDVGNTIYF,1
GLCTLVAML,CARGSVGNTIYF,1
GLCTLVAML,CARVGVGNTIYF,1
GLCTLVAML,CASGGQVAPSEQF,1
GLCTLVAML,CASPPAVSYEQYF,1
GLCTLVAML,CASSLSTTGSGDRGATEAF,1
GLCTLVAML,CASSLSVGAAGTNEKLF,1
GLCTLVAML,CASSLSVGAGGTNEKLF,1
GLCTLVAML,CASSLSVGSGGTNEKLF,1
GLCTLVAML,CASSLSVQEGNYGYTF,1
GLCTLVAML,CASSTAGGTLPGEQYF,1
GLCTLVAML,CASSTSGQISPSAIYF,1
GLCTLVAML,CAVGTGGTNEKLF,1
GLCTLVAML,CAVGYGGTNEKLF,1
EAAGIGILTV,CACDSGTLNTGELF,1
EAAGIGILTV,CANRLLAGGRSAQYF,1
EAAGIGILTV,CASAPARIWYNEQF,1
EAAGIGILTV,CASATAGQSNYGYTF,1
EAAGIGILTV,CASGFQGLGSPLHF,1
EAAGIGILTV,CASGFQGLGYGYTF,1
EAAGIGILTV,CASGQGGAYGELF,1
EAAGIGILTV,CASGVQGLGQPQHF,1
EAAGIGILTV,CASKEGLLDTGELF,1
EAAGIGILTV,CASKGGANEQF,1
EAAGIGILTV,CASMDGSGIYNEQF,1
EAAGIGILTV,CASMEISGGAVKNIQYF,1
EAAGIGILTV,CASQLSGGAVVETQYF,1
EAAGIGILTV,CASRAEILATNEKLF,1
EAAGIGILTV,CASRAGFLSSYEQYF,1
EAAGIGILTV,CASRAPGLANNEQF,1
EAAGIGILTV,CASRLGTGPEAF,1
EAAGIGILTV,CASRLQGLGSPLHF,1
EAAGIGILTV,CASRLSLFIGSGGYEQYF,1
EAAGIGILTV,CASRPEGGSTEAF,1
EAAGIGILTV,CASRPQGLGQPQHF,1
EAAGIGILTV,CASRRDLMNTEAF,1
EAAGIGILTV,CASRRQSSYNEQF,1
EAAGIGILTV,CASRSLGQGAEKLF,1
EAAGIGILTV,CASSAGTGGFGQPQHF,1
EAAGIGILTV,CASSAQFLFASGYTF,1
EAAGIGILTV,CASSDAGTASYEQYF,1
EAAGIGILTV,CASSDLAGATGELF,1
EAAGIGILTV,CASSDQGLGTEAF,1
EAAGIGILTV,CASSEAVTGLGETQYF,1
EAAGIGILTV,CASSEDSGGAYSGELF,1
EAAGIGILTV,CASSEGAGGAWGDGYTF,1
EAAGIGILTV,CASSEGQGAFGNTIYF,1
EAAGIGILTV,CASSEGYGVNGSPLHF,1
EAAGIGILTV,CASSESQAYNSPLHF,1
EAAGIGILTV,CASSESYSGPGELF,1
EAAGIGILTV,CASSETASTWAGELF,1
EAAGIGILTV,CASSETGGTEAF,1
EAAGIGILTV,CASSFDVAGGQIGELF,1
EAAGIGILTV,CASSFGGLGQPQHF,1
EAAGIGILTV,CASSFGGLGTEAF,1
EAAGIGILTV,CASSFGGMGQPQHF,1
EAAGIGILTV,CASSFGKIAGDEQYF,1
EAAGIGILTV,CASSFLGSSSYEQYF,1
EAAGIGILTV,CASSFLGTASYEQYF,1
EAAGIGILTV,CASSFMGSSSYEQYF,1
EAAGIGILTV,CASSFMGTSSYEQYF,1
EAAGIGILTV,CASSFNTGELF,1
EAAGIGILTV,CASSFQGLGQPQHF,1
EAAGIGILTV,CASSFQGLGSPLHF,1
EAAGIGILTV,CASSFTVGGQETQYF,1
EAAGIGILTV,CASSGAGGWTEAF,1
EAAGIGILTV,CASSGTGLGQPQHF,1
EAAGIGILTV,CASSGTSGNYEQYF,1
EAAGIGILTV,CASSHDGPGEQF,1
EAAGIGILTV,CASSHGQLQETQYF,1
EAAGIGILTV,CASSIGAGLGQPQHF,1
EAAGIGILTV,CASSIGGLAGNEQF,1
EAAGIGILTV,CASSIGGLGTEAF,1
EAAGIGILTV,CASSIGVDGNTIYF,1
EAAGIGILTV,CASSITGGFGNEQF,1
EAAGIGILTV,CASSLAGPNQETQYF,1
EAAGIGILTV,CASSLAGSSSYEQYF,1
EAAGIGILTV,CASSLAGWSFADTQYF,1
EAAGIGILTV,CASSLANQNTGELF,1
EAAGIGILTV,CASSLEGAVLEAEAF,1
EAAGIGILTV,CASSLEGQASSYEQYF,1
EAAGIGILTV,CASSLETSGWGQYF,1
EAAGIGILTV,CASSLFGGLSYGYTF,1
EAAGIGILTV,CASSLGDVDEYF,1
EAAGIGILTV,CASSLGGAASGELF,1
EAAGIGILTV,CASSLGLAGNSEQF,1
EAAGIGILTV,CASSLGLGGVRWSVKNIQYF,1
EAAGIGILTV,CASSLGQGDQPQHF,1
EAAGIGILTV,CASSLGQVSVGNEQF,1
EAAGIGILTV,CASSLQELSQDGYTF,1
EAAGIGILTV,CASSLQGLGQPQHF,1
EAAGIGILTV,CASSLSAGLTTGELF,1
EAAGIGILTV,CASSLSGAEGYTF,1
EAAGIGILTV,CASSLSGGFYEQYF,1
EAAGIGILTV,CASSLSGLAGGYEQYF,1
EAAGIGILTV,CASSLSNEGNEQYF,1
EAAGIGILTV,CASSLSPGMVGEQYF,1
EAAGIGILTV,CASSLSQGAYSSPLHF,1
EAAGIGILTV,CASSLVGGDTEAF,1
EAAGIGILTV,CASSLVGTPDYNEQF,1
EAAGIGILTV,CASSLVGVPGANVLTF,1
EAAGIGILTV,CASSLYSPRAANTGEF,1
EAAGIGILTV,CASSMGTGVFAGELF,1
EAAGIGILTV,CASSNTTGTVYEQYF,1
EAAGIGILTV,CASSPAALSGAYEQYF,1
EAAGIGILTV,CASSPAGTGTSEQYF,1
EAAGIGILTV,CASSPGGGYTEAF,1
EAAGIGILTV,CASSPGGLGGQYF,1
EAAGIGILTV,CASSPGQMNTEAF,1
EAAGIGILTV,CASSPGVAGISGEQF,1
EAAGIGILTV,CASSPGVLDYGYTF,1
EAAGIGILTV,CASSPLKTTYEQYF,1
EAAGIGILTV,CASSPPGQEAYGYGYTF,1
EAAGIGILTV,CASSPQGLGQPQHF,1
EAAGIGILTV,CASSPQGLGTEAF,1
EAAGIGILTV,CASSPTGLGQPQHF,1
EAAGIGILTV,CASSPTTGKTEAF,1
EAAGIGILTV,CASSPTTGLGSYEQYF,1
EAAGIGILTV,CASSQADLIAGELF,1
EAAGIGILTV,CASSQAGVGQPQHF,1
EAAGIGILTV,CASSQDFLSTDTQYF,1
EAAGIGILTV,CASSQDLAGGLEQYF,1
EAAGIGILTV,CASSQDLLDRSGYTF,1
EAAGIGILTV,CASSQDLLEGNGYTF,1
EAAGIGILTV,CASSQDRLDYGYTF,1
EAAGIGILTV,CASSQDRLNTEAF,1
EAAGIGILTV,CASSQEAGGMADTQYF,1
EAAGIGILTV,CASSQEEGGAPEAF,1
EAAGIGILTV,CASSQEGLGVSLHF,1
EAAGIGILTV,CASSQELLQGRGYTF,1
EAAGIGILTV,CASSQENFQGQAGNTIYF,1
EAAGIGILTV,CASSQFSLGHTDTQYF,1
EAAGIGILTV,CASSQGDRGREAF,1
EAAGIGILTV,CASSQGDWGGSQPQHF,1
EAAGIGILTV,CASSQGGLGQPQHF,1
EAAGIGILTV,CASSQGGVGQPQHF,1
EAAGIGILTV,CASSQGHSGELF,1
EAAGIGILTV,CASSQGQDGSYEQYF,1
EAAGIGILTV,CASSQGRVAAPEAF,1
EAAGIGILTV,CASSQNPNTEAF,1
EAAGIGILTV,CASSQQGLGQPQHF,1
EAAGIGILTV,CASSQQQGEGGELF,1
EAAGIGILTV,CASSQTGVGQPQHF,1
EAAGIGILTV,CASSQVKVGAVDGYTF,1
EAAGIGILTV,CASSQVMVGAVDGYTF,1
EAAGIGILTV,CASSRDSALWISTDTQYF,1
EAAGIGILTV,CASSRRDYRCETQYF,1
EAAGIGILTV,CASSSAGGFGELF,1
EAAGIGILTV,CASSSDSGNIQYF,1
EAAGIGILTV,CASSSFADRAGNQPQHF,1
EAAGIGILTV,CASSSGGAFYEQYF,1
EAAGIGILTV,CASSSGHYTDTQYF,1
EAAGIGILTV,CASSSGIGDTQYF,1
EAAGIGILTV,CASSSLQGAFADTQYF,1
EAAGIGILTV,CASSSQGLGNYGYTF,1
EAAGIGILTV,CASSSRSSYEQYF,1
EAAGIGILTV,CASSSSFLADEQF,1
EAAGIGILTV,CASSSSGPRDEQF,1
EAAGIGILTV,CASSSSGVGNEF,1
EAAGIGILTV,CASSSSSNPGPPLHF,1
EAAGIGILTV,CASSTGALMNTEAF,1
EAAGIGILTV,CASSVAHVDEQF,1
EAAGIGILTV,CASSVDAGGAGELF,1
EAAGIGILTV,CASSVDVGGLEAF,1
EAAGIGILTV,CASSVEGGGAWTDTQYF,1
EAAGIGILTV,CASSVGFAGDEAF,1
EAAGIGILTV,CASSVGGLAIGELF,1
EAAGIGILTV,CASSVGGLNTGELF,1
EAAGIGILTV,CASSVGQAAEAF,1
EAAGIGILTV,CASSVVPTVGFAGELF,1
EAAGIGILTV,CASSWDGTLGQPQHF,1
EAAGIGILTV,CASSWGGTSGNTIYF,1
EAAGIGILTV,CASSWGQGQETQYF,1
EAAGIGILTV,CASSWVGQGAFEAF,1
EAAGIGILTV,CASSYGGGFYGYTF,1
EAAGIGILTV,CASSYGGLGQPQHF,1
EAAGIGILTV,CASSYGGQGSEKLF,1
EAAGIGILTV,CASSYLGMGQPQHF,1
EAAGIGILTV,CASSYSAGQAFDSPLHF,1
EAAGIGILTV,CASSYSNPRAHNSPLHF,1
EAAGIGILTV,CASSYSRDNEQF,1
EAAGIGILTV,CASSYTGGGYNGELF,1
EAAGIGILTV,CASSYTGLATNEQF,1
EAAGIGILTV,CASSYVGAAGELF,1
EAAGIGILTV,CASTAGGTLPGEQYF,1
EAAGIGILTV,CASTFGGLGQPQHF,1
EAAGIGILTV,CASTFGGTGSGYTF,1
EAAGIGILTV,CASTGGSRRLRVGEQYF,1
EAAGIGILTV,CASTHSGLGAYEQYF,1
EAAGIGILTV,CASTIAGAWTEAF,1
EAAGIGILTV,CASTIQGLGQPQHF,1
EAAGIGILTV,CASTKMAGSNTEAF,1
EAAGIGILTV,CASTLGQGVLNTEAF,1
EAAGIGILTV,CASTLQGLGQPQHF,1
EAAGIGILTV,CASTNSPAFRAEAF,1
EAAGIGILTV,CASTNTGTGSYEQYF,1
EAAGIGILTV,CASTPGEGAGHGYTF,1
EAAGIGILTV,CASTPSGIFGEKLF,1
EAAGIGILTV,CASTPSGTASYEQYF,1
EAAGIGILTV,CASTPSGTPSYEQYF,1
EAAGIGILTV,CASTRAGGITYEQYF,1
EAAGIGILTV,CASTSGAQSVDEQYF,1
EAAGIGILTV,CASTSGGLGQPQHF,1
EAAGIGILTV,CATLRDRANQPQHF,1
EAAGIGILTV,CAWSVTGLGTEAF,1
EAAGIGILTV,CSAADTGLGQPQHF,1
EAAGIGILTV,CSAAPPGLGSPLHF,1
EAAGIGILTV,CSAAYRDGASYGYTF,1
EAAGIGILTV,CSAGDLLNTGELF,1
EAAGIGILTV,CSAILAGVYNEQF,1
EAAGIGILTV,CSAKPPRGIYNEQF,1
EAAGIGILTV,CSANTRLTSYEQYF,1
EAAGIGILTV,CSARDFRESNTIYF,1
EAAGIGILTV,CSAREGGILTDTQYF,1
EAAGIGILTV,CSARPGQGDTEAF,1
EAAGIGILTV,CSASETGVGQPQHF,1
EAAGIGILTV,CSASETLVGQPQHF,1
EAAGIGILTV,CSASHLGSGDYGYTF,1
EAAGIGILTV,CSASQGLTEAF,1
EAAGIGILTV,CSATRTGAGANVLTF,1
EAAGIGILTV,CSVERRTSGGARGTGELF,1
EAAGIGILTV,CSVPGLLNTEAF,1
EAAGIGILTV,CSVSDLGVGQPQHF,1
RPRGEVRFL,CAISDPSGSSYNEQF,1
RPRGEVRFL,CASREWGGTDTQYF,1
RPRGEVRFL,CASRKTGGGEAF,1
RPRGEVRFL,CASRKTGGGTEAF,1
RPRGEVRFL,CASRLIGGGTEAF,1
RPRGEVRFL,CASRLQGINEKLF,1
RPRGEVRFL,CASRMQGRDNEQF,1
RPRGEVRFL,CASRPQGANEKLF,1
RPRGEVRFL,CASRPQGRDNEQF,1
RPRGEVRFL,CASRRQGRDNEQF,1
RPRGEVRFL,CASRVQGRDNEQF,1
RPRGEVRFL,CASSDSYRGSYNEQF,1
RPRGEVRFL,CASSLHLGGVTDTQYF,1
RPRGEVRFL,CASSQEVAGATGELF,1
RPRGEVRFL,CASSTDSVDEQF,1
RPRGEVRFL,CATSEAASSWTGELF,1
ELAGIGILTV,CASIWAGLGQPQHF,1
ELAGIGILTV,CASQSGFLSNSPLHF,1
ELAGIGILTV,CASRLATLVGNEQF,1
ELAGIGILTV,CASRQQGLGSPLHF,1
ELAGIGILTV,CASRSGSLNTEAF,1
ELAGIGILTV,CASRWGQLTNYGYF,1
ELAGIGILTV,CASRYQGLGQPQHF,1
ELAGIGILTV,CASSATGADQPQHF,1
ELAGIGILTV,CASSDYSNQPQHF,1
ELAGIGILTV,CASSEGMGQPQHF,1
ELAGIGILTV,CASSENQLNMTEAF,1
ELAGIGILTV,CASSGQGMGYTF,1
ELAGIGILTV,CASSIAAVSALYGYTLF,1
ELAGIGILTV,CASSIEFDRGAPTEQYF,1
ELAGIGILTV,CASSKPSGGINEQF,1
ELAGIGILTV,CASSLAWALQDEQYF,1
ELAGIGILTV,CASSLQGLGTEAF,1
ELAGIGILTV,CASSLQGMGQPQHF,1
ELAGIGILTV,CASSLTTPPSTDPQYF,1
ELAGIGILTV,CASSPGQGLPNHF,1
ELAGIGILTV,CASSPGVLANEQYF,1
ELAGIGILTV,CASSQGQLSSYNEQF,1
ELAGIGILTV,CASSQQGLGTEAF,1
ELAGIGILTV,CASSVQGLGQPQHF,1
ELAGIGILTV,CASSVWADPNEAF,1
ELAGIGILTV,CASSWSQLVHEQF,1
ELAGIGILTV,CASSYGDLYTGELF,1
ELAGIGILTV,CASSYRGQSNQPQHF,1
ELAGIGILTV,CASTPPGSETQYF,1
ELAGIGILTV,CASTYTSLAHNEQF,1
ELAGIGILTV,CATAPREDRVGNEAF,1
ELAGIGILTV,CATSDQGGTEDEQF,1
ELAGIGILTV,CATSDSRQINTGELF,1
ELAGIGILTV,CAWSGGGGRVHEQYF,1
ELAGIGILTV,CAWSVPGLGQPQHF,1
ELAGIGILTV,CAWSVQGLGYGYTF,1
ELAGIGILTV,CSAPDTGLGQPQHF,1
ELAGIGILTV,CSARAGAETQYF,1
ELAGIGILTV,CSARSRGGGIETQYF,1
GLCTLVAML,CGARDGPGNGYTF,1
GLCTLVAML,CSARDGKGNGYTF,1
GLCTLVAML,CSARDGNREWLHF,1
GLCTLVAML,CSARDGTGNDYTF,1
GLCTLVAML,CSARDNLSGYTF,1
GLCTLVAML,CSARDQKGNGYTF,1
GLCTLVAML,CSARDRHREWLHF,1
GLCTLVAML,CSARDRKGNGYTF,1
ATDALMTGY,CASQGGEIGNNEQF,1
ATDALMTGY,CASRAGTSNTGELF,1
ATDALMTGY,CASRGGTINTGELF,1
ATDALMTGY,CASRPSGQLDEQF,1
ATDALMTGY,CASRSGTSNTGELF,1
ATDALMTGY,CASRTGISNTGELF,1
ATDALMTGY,CASRTGTSNTGELF,1
ATDALMTGY,CASRWTGQLDEQF,1
ATDALMTGY,CASSAGTINTGELF,1
ATDALMTGY,CASSEAGQLNEQF,1
ATDALMTGY,CASSLSGQLDEQF,1
ATDALMTGY,CASSPSGQLDEQF,1
ATDALMTGY,CASSSGTINTGELF,1
ATDALMTGY,CASSSGTVNTGELF,1
ATDALMTGY,CASSSSGQLDEQF,1
ATDALMTGY,CASSTGTSNTGELF,1
ATDALMTGY,CASSYRGQLNEQF,1
ATDALMTGY,CASSYVGQLDEQF,1
RAKFKQLL,CACSSLNTEAF,1
RAKFKQLL,CASSLLTGHEQF,1
RAKFKQLL,CASSSLDTEAF,1
RAKFKQLL,CASSSLSTEAF,1
RAKFKQLL,CASSSPNTEAF,1
RAKFKQLL,CASSTRGGWVEAF,1
RAKFKQLL,CSAGTGEGGEQF,1
GLCTLVAML,CSAHRTENTEAF,1
GLCTLVAML,CSAPSLLNTEAF,1
GLCTLVAML,CSARDSTGKGYTF,1
GLCTLVAML,CSATDSMNTEAF,1
RAKFKQLL,CSGGQGEGEQF,1
RAKFKQLL,CSGGQGGGEQF,1
RAKFKQLL,CSSGTGDGGEQF,1
GLCTLVAML,CSVDLANTEAF,1
GLCTLVAML,CSVDLATEAF,1
GLCTLVAML,CSVEASEGLFNEQF,1
GLCTLVAML,CSVEASGGLFNEQF,1
RAKFKQLL,CSVETGDEKLF,1
GLCTLVAML,CSVEYSPTLYNEQF,1
RAKFKQLL,CSVGGGTEAF,1
RAKFKQLL,CSVGGVSSGVYNEQF,1
RAKFKQLL,CSVGPGENGPQHF,1
GLCTLVAML,CSVGQGGTNEKLF,1
RAKFKQLL,CSVGSGEDNEQF,1
GLCTLVAML,CSVGSGGTNERLF,1
RAKFKQLL,CSVKGGFPYNEQF,1
RAKFKQLL,CSVKGQGTEAF,1
RAKFKQLL,CSVKGTNTEAF,1
GLCTLVAML,CSVPGTDYNEQF,1
GLCTLVAML,CSVPSLLNTEAF,1
RAKFKQLL,CSYSPGQGRNEQF,1
KAFSPEVIPMF,CAASTSAVLGKKGSQETQYf,1
TQGYFPDWQNY,CAISECAIRGTSGLTDTQYF,1
TQGYFPDWQNY,CAISERAIRGTSGLTDTQYL,1
KAFSPEVIPMF,CASEDFKNIQYf,1
EIYKRWII,CASELSGNTIYF,1
KRWIIMGLNK,CASRKGQGDWEAF,1
EIYKRWII,CASRLGRLAYEQYF,1
EIYKRWII,CASSADGSFYEQYF,1
KAFSPEVIPMF,CASSDGQGRLGYTf,1
KAFSPEVIPMF,CASSDGTGVGLGYTF,1
EIYKRWII,CASSDNGGDRSPGELF,1
EIYKRWII,CASSEAGGTEAF,1
KAFSPEVIPMF,CASSELGATIYEQYF,1
EIYKRWII,CASSEPPGVRGEAF,1
KAFSPEVIPMF,CASSGFRDRVNEQYf,1
KAFSPEVIPMF,CASSGPGGEQYF,1
KRWIIMGLNK,CASSIAGGGEDTQYF,1
QASQEVKNW,CASSKGRYNEQF,1
KAFSPEVIPMF,CASSLAGGYTF,1
TQGYFPDWQNY,CASSLAPGGIAF,1
KAFSPEVIPMF,CASSLGGGQNGYT,1
EIYKRWII,CASSLGSAKNIQYF,1
EIYKRWII,CASSLLDGTRDQQYF,1
EIYKRWII,CASSLLPDPRSSGGYTF,1
EIYKRWII,CASSLQQTLGAF,1
KAFSPEVIPMF,CASSLTYGYTF,1
EIYKRWII,CASSLVGQGARQPQHF,1
KRWIIMGLNK,CASSLYGEYEQYF,1
EIYKRWII,CASSPGGGELF,1
KAFSPEVIPMF,CASSPGQTNYGYT,1
KAFSPEVIPMF,CASSPMDLLDEQYf,1
EIYKRWII,CASSPQQTLGAF,1
KAFSPEVIPMF,CASSPRDSQETQYF,1
EIYKRWII,CASSPSFPPDTQYF,1
TQGYFPDWQNY,CASSQAAGGRAF,1
TQGYFPDWQNY,CASSQAAGGRAIF,1
TQGYFPDWQNY,CASSQAEGGQNHF,1
EIYKRWII,CASSQDLRGARGYTF,1
EIYKRWII,CASSQDSSGRVTGELF,1
EIYKRWII,CASSQGLAGDEQF,1
EIYKRWII,CASSQGLAGDEQYF,1
QASQEVKNW,CASSQGPGERAGFNYEQYf,1
EIYKRWII,CASSQGTGSTDTQYF,1
KRWIIMGLNK,CASSQGTTDTQYF,1
KRWIIMGLNK,CASSQWTGELF,1
KAFSPEVIPMF,CASSSLVNTGELF,1
KAFSPEVIPMF,CASSSMGGGTDTQYF,1
EIYKRWII,CASSSPGGVTEAF,1
KAFSPEVIPMF,CASSSRTGGYGYTF,1
EIYKRWII,CASSTLGDSREKLF,1
EIYKRWII,CASSTLRDSREKLF,1
EIYKRWII,CASSTLTGEDSGPQHF,1
EIYKRWII,CASSVEGTIHTDTQYF,1
EIYKRWII,CASSVEGTILTDTQYF,1
KAFSPEVIPMF,CASSVVGDSRETQYF,1
EIYKRWII,CASSYSVVEAAAEAF,1
KRWIIMGLNK,CASTPPGF,1
KAFSPEVIPMF,CASYNFGQYGYTf,1
KAFSPEVIPMF,CATPGEVLSPNYGYT,1
KAFSPEVIPMF,CATSDRMDNEQF,1
EIYKRWII,CGSSVVGDSRETQYF,1
EIYKRWII,CSAIVGSAYEQYF,1
EIYKRWII,CSALVEGDEQF,1
KRWIIMGLNK,CSARDPLPEASGGAGTDTQYF,1
EIYKRWII,CSARDRADRVLIPDTQYF,1
KRWIIMGLNK,CSARGWVSNNQETQYf,1
EIYKRWII,CSASLGGRISGANVLTF,1
EIYKRWII,CSASPVGGAYEQYF,1
EIYKRWII,CSVDGPTGGYTF,1
KRWIIMGLNK,CASSPGQLGNTIYF,1
KRWIIMGLNK,CASSQGQLGNTIYF,1
KAFSPEVIPMF,CASSSGDETQYF,1
KAFSPEVIPMF,CATSEAANTGELF,1
HPVGEADYFEY,CASREKGYDEQF,1
HPVGEADYFEY,CASSLKTGELVF,1
HPVGEADYFEY,CASSPREMLYNEQF,1
HPVGEADYFEY,CASSQAGVEQF,1
HPVGEADYFEY,CASSQAGVEQYF,1
HPVGEADYFEY,CATSGRYGEQF,1
QYDPVAALF,CAGTGIRSAGELF,1
QYDPVAALF,CAIKGTVSTQETQYF,1
QYDPVAALF,CAISDPGHRFGEAF,1
QYDPVAALF,CASDRGGNTGELF,1
QYDPVAALF,CASINRGTDPYEQYF,1
QYDPVAALF,CASKPRDSGDTQYF,1
QYDPVAALF,CASSDPGDSLNGYTF,1
QYDPVAALF,CASSFTLSPETQYF,1
QYDPVAALF,CASSLDTDTQYF,1
QYDPVAALF,CASSLGAGGPSDTQYF,1
QYDPVAALF,CASSLGGLAPSTDTQYF,1
QYDPVAALF,CASSLNSVGTEAF,1
QYDPVAALF,CASSLSSTRTDTQYF,1
QYDPVAALF,CASSPDRGRGYTF,1
QYDPVAALF,CASSQGQGAQNQPQHF,1
QYDPVAALF,CASSSDIGGGSYGYTF,1
QYDPVAALF,CASSSIQGAAGELF,1
QYDPVAALF,CASSSTGGGGAEAF,1
QYDPVAALF,CASSSTGGGGTEAF,1
QYDPVAALF,CSARFSGQGTEAF,1
QYDPVAALF,CSARNPGLYEQYF,1
GLCTLVAML,CSAMREVNTEAF,1
GLCTLVAML,CSVQGGTNEKLF,1
RAKFKQLL,CAGRPRLAGGNNQEF,1
YVLDHLIVV,CASMGGASYNEQF,1
RAKFKQLL,CASNILGQADTQYF,1
YVLDHLIVV,CASRATMGGGTEAF,1
RAKFKQLL,CASRDPGLAGEGHGELF,1
IVTDFSVIK,CASREGDINTGELF,1
YVLDHLIVV,CASRGLLGGITEAF,1
YVLDHLIVV,CASRTTSGGASEQF,1
IVTDFSVIK,CASSAWDINTGELF,1
YVLDHLIVV,CASSDLANEQF,1
IVTDFSVIK,CASSEASGGFYNEQF,1
GLCTLVAML,CASSEGRLSGELF,1
RAKFKQLL,CASSFQGSNEKLF,1
RAKFKQLL,CASSFSGQGAANKELF,1
RAKFKQLL,CASSFSGSLTTEAF,1
YVLDHLIVV,CASSFSLGAAGELF,1
RAKFKQLL,CASSFVGEYEQYF,1
RAKFKQLL,CASSGSAGGVWDNEQF,1
IVTDFSVIK,CASSGSSGGYYNEQEF,1
IVTDFSVIK,CASSIVGAHTEAF,1
GLCTLVAML,CASSKWTGGNQWF,1
YVLDHLIVV,CASSLAVEGVSRMNTEAF,1
RAKFKQLL,CASSLAVLSSYNEQF,1
RAKFKQLL,CASSLGLGVNNEQF,1
RAKFKQLL,CASSLGTGHNEQF,1
YVLDHLIVV,CASSLHFEVEKLF,1
RAKFKQLL,CASSLIASGGYNEQF,1
RAKFKQLL,CASSLLGHPSGELF,1
RAKFKQLL,CASSLLGTENTEAF,1
RAKFKQLL,CASSLLIGANNEQYF,1
RAKFKQLL,CASSLMASGGYNEQF,1
RAKFKQLL,CASSLMGVRDTEAF,1
RAKFKQLL,CASSLPRGRDNEQF,1
AVFDRKSDAK,CASSLTSATGELF,1
RAKFKQLL,CASSLTVAGDTEAF,1
RAKFKQLL,CASSLVTGEGLGEQF,1
RAKFKQLL,CASSLVVAGGLYEQF,1
YVLDHLIVV,CASSPGAGLYNEQF,1
GLCTLVAML,CASSPGTLSALGELF,1
RAKFKQLL,CASSPLIGTSGTEAF,1
RAKFKQLL,CASSPPGTPGRGWYDTF,1
YVLDHLIVV,CASSPPLGLHTGELF,1
RAKFKQLL,CASSPSPGDNEQF,1
RAKFKQLL,CASSPTGSGGGDEETQYF,1
RAKFKQLL,CASSPTSGEYNEQF,1
RAKFKQLL,CASSQETGSYEQF,1
RAKFKQLL,CASSQGVGENTEAF,1
RAKFKQLL,CASSQSIGGELF,1
RAKFKQLL,CASSQTTSVNTEAF,1
RAKFKQLL,CASSQVRGGYEQF,1
RAKFKQLL,CASSRTDDTEAF,1
AVFDRKSDAK,CASSRTSATGELF,1
IVTDFSVIK,CASSRTSGGFYNEQEF,1
RAKFKQLL,CASSSHVINQF,1
RAKFKQLL,CASSSLNTEAF,1
RAKFKQLL,CASSSMVAGEYEQF,1
YVLDHLIVV,CASSSPGGRGNTEAF,1
GLCTLVAML,CASSTGRVAPGELF,1
RAKFKQLL,CASSTPTSGVNTGELF,1
GLCTLVAML,CASSVAGGDEQF,1
RAKFKQLL,CASSYLDGSTNSPLHF,1
YVLDHLIVV,CASSYMGVEQF,1
GLCTLVAML,CASTAGQTTNFNEQF,1
GLCTLVAML,CASTREGNLTGELF,1
YVLDHLIVV,CASTTEGGLIHEKLF,1
RAKFKQLL,CATSAGTPDNEQF,1
RAKFKQLL,CATSSFPRLEWDEQF,1
YVLDHLIVV,CATWTGTYEQYF,1
YVLDHLIVV,CAWSGLSGSYNEQF,1
YVLDHLIVV,CSAIPSYLSIGEQF,1
YVLDHLIVV,CSANDRSYNEQF,1
YVLDHLIVV,CSAPIPPYNEQF,1
GLCTLVAML,CSARGEAITKELF,1
YVLDHLIVV,CSARPTSNYEQF,1
GLCTLVAML,CSGGTDGTNEKELF,1
YVLDHLIVV,CSQTNREYNEQF,1
YVLDHLIVV,CSSLGTSFRTDTQYF,1
YVLDHLIVV,CSSSLRGSNQPQHF,1
YVLDHLIVV,CSSSLTGSGQPQHF,1
GLCTLVAML,CSVGSVGTNEKELF,1
GLCTLVAML,CSVGTVGTNEKELF,1
RYPLTFGW,CASSDTSGANTGELF,1
RYPLTFGW,CASSIRDRVPETQYF,1
RYPLTFGW,CASSLAVRGLSGDPF,1
RYPLTFGW,CASSLTSGANTGELF,1
RYPLTFGW,CASSPRDKPNYGYTF,1
RYPLTFGW,CASSQPTGREQYF,1
RYPLTFGW,CSARDPIRLISYEQYF,1
RYPLTFGW,CSARDPVSTYEQYF,1
GILGFVFTL,CACSIRSAYEQYF,1
QIKVRVKMV,CARTGNYGYTF,1
QIKVRVKMV,CASKWTSGGPNTGELF,1
QIKVRVKMV,CASRRRESHAYEQYF,1
GILGFVFTL,CASSATGSTYEQYF,1
QIKVRVKMV,CASSESEQGYTGELF,1
QIKVRVKMV,CASSGGQGRTMNTEAF,1
GILGFVFTL,CASSGRSNTEAF,1
GILGFVFTL,CASSIRSNTEAF,1
GILGFVFTL,CASSITSSYNEQF,1
GILGFVFTL,CASSIYSNTEAF,1
QIKVRVKMV,CASSLEGFTDTQYF,1
QIKVRVKMV,CASSLGWEYNEQF,1
HPVGEADYFEY,CASSLMTGELF,1
RPPIFIRRL,CASSLPSGGTNNEQF,1
HPVGEADYFEY,CASSLTGGYNEQF,1
QIKVRVKMV,CASSLTQGLAGVEQYF,1
QIKVRVKMV,CASSLWGALYEQYF,1
GILGFVFTL,CASSMFALDTQYF,1
GLCTLVAML,CASSPSDPGANVLTF,1
HPVGEADYFEY,CASSPSGTSPKNEQF,1
GLCTLVAML,CASSQDGAGGLGEQF,1
GLCTLVAML,CASSQDGLAGGAFNEQF,1
QIKVRVKMV,CASSRLAGGTGELF,1
QIKVRVKMV,CASSRLAGSTDTQYF,1
QIKVRVKMV,CASSRLGGGHRGAVF,1
GLCTLVAML,CASSSGTSGYYNEQF,1
QIKVRVKMV,CASSSREVTGELF,1
GILGFVFTL,CASSTRSGTEQYF,1
VLEETSVML,CASSVRQEPYNEQF,1
QIKVRVKMV,CASSYGPVETEAF,1
HPVGEADYFEY,CASTSRVGEAF,1
GLCTLVAML,CSARDRPGGPSNQPQHF,1
GLCTLVAML,CSARDSPGNGYTF,1
QIKVRVKMV,CSGVVGRGAYNEQF,1
QIKVRVKMV,CSGWGGTRDHGYTF,1
QIKVRVKMV,CSVDRHSYNEQF,1
QIKVRVKMV,CSVEESGLAGNTGELF,1
QIKVRVKMV,CSVRFSANYGYTF,1
GILGFVFTL,CVSSIRSAYEQYF,1
ALTPVVVTL,CASRMNTEAF,1
ALTPVVVTL,CASSAQGFGELF,1
ALTPVVVTL,CASSEGRETQYF,1
ALTPVVVTL,CASSIGQGPYEQYF,1
ALTPVVVTL,CASSLGGRRYEQYF,1
ALTPVVVTL,CASSLGQKEQYF,1
GILGFVFTL,CASGVRSAYEQYF,1
GILGFVFTL,CASRAGRAYEQYF,1
GILGFVFTL,CASSADGILNTEAF,1
GILGFVFTL,CASSALGAGGDTQYF,1
GILGFVFTL,CASSARSAETQYF,1
GILGFVFTL,CASSARVGNEQYF,1
GILGFVFTL,CASSASGRYNEQF,1
GILGFVFTL,CASSETSINEQF,1
GILGFVFTL,CASSFRSANEQF,1
GILGFVFTL,CASSGRSAGELF,1
GILGFVFTL,CASSIFGSYEQYF,1
GILGFVFTL,CASSIFSAGNEQF,1
GILGFVFTL,CASSIFSNQPQHF,1
GILGFVFTL,CASSIGHYGYTF,1
GILGFVFTL,CASSIHSGGNTEAF,1
GILGFVFTL,CASSILGASYNEQFT,1
GILGFVFTL,CASSIQSTDTQYF,1
GILGFVFTL,CASSIRAGEKLF,1
GILGFVFTL,CASSIRAGYEQF,1
GILGFVFTL,CASSIRNSYNEQF,1
GILGFVFTL,CASSIRSAGELF,1
GILGFVFTL,CASSIRSAWAQYF,1
GILGFVFTL,CASSIRSGEPQHF,1
GILGFVFTL,CASSIRSGNIQYF,1
GILGFVFTL,CASSIRSGNTEAF,1
GILGFVFTL,CASSIRSSEEQYF,1
GILGFVFTL,CASSIRSSYGQYF,1
GILGFVFTL,CASSIRSSYNEQF,1
GILGFVFTL,CASSIRSVAEAF,1
GILGFVFTL,CASSIRSVYEQYF,1
GILGFVFTL,CASSITGGEGGELF,1
GILGFVFTL,CASSITSLGELF,1
GILGFVFTL,CASSIVHAADTQYF,1
GILGFVFTL,CASSIYRLGYEQYF,1
GILGFVFTL,CASSKSASYEQYF,1
GILGFVFTL,CASSLRSTGELF,1
GILGFVFTL,CASSMERTGSDTGELF,1
GILGFVFTL,CASSMRSGNTIYF,1
GILGFVFTL,CASSMRSSGEQYF,1
GILGFVFTL,CASSMVGGVYGYTF,1
GILGFVFTL,CASSPHEAAEQYF,1
GILGFVFTL,CASSPQDRDFYEQYF,1
GILGFVFTL,CASSPRSAGELF,1
GILGFVFTL,CASSPRSAYEQYF,1
GILGFVFTL,CASSPRSGETQYF,1
GILGFVFTL,CASSQGFYGYTF,1
GILGFVFTL,CASSQRSTGELF,1
GILGFVFTL,CASSRRSNQPQHFT,1
GILGFVFTL,CASSRRSTQPQHF,1
GILGFVFTL,CASSSRSGEKLF,1
GILGFVFTL,CASSTLTGGHQPQHF,1
GILGFVFTL,CASSTRAAGELF,1
GILGFVFTL,CASSTRAGETQYF,1
GILGFVFTL,CASSTRSGWIQYF,1
GILGFVFTL,CASSTRSSSPQHFT,1
GILGFVFTL,CASSTSSTDTQYF,1
GILGFVFTL,CASSTWSTDTQYF,1
GILGFVFTL,CASSVRAAWEQYF,1
GILGFVFTL,CASSVRSGDTQYF,1
GILGFVFTL,CASSVRSTGALF,1
GILGFVFTL,CASSVRSTGGLF,1
GILGFVFTL,CASSVYSNQPQHFT,1
TPQDLNTML,CAGRASTGSGNTIYF,1
FPRPWLHGL,CAGSEGRDQETQYF,1
FPRPWLHGL,CAGSLWSGIADTQYF,1
FPRPWLHGL,CANSIKGYNEQF,1
FPRPWLHGL,CANSLYTGSDQPQHF,1
TPQDLNTML,CAPTPEGGGQGQPQHF,1
TPQDLNTML,CASDKGTGNYGYTF,1
HPKVSSEVHI,CASGAAMNTEAF,1
HPKVSSEVHI,CASGLAVPVDGYTF,1
TPQDLNTML,CASGLGANTIYF,1
HPKVSSEVHI,CASGLGPLTGLGPEAF,1
FPRPWLHGL,CASKLYTGGDQPQHF,1
TPGPGVRYPL,CASMGLVGGTDTQYF,1
HPKVSSEVHI,CASNPVFAAGGETQYF,1
TPQDLNTML,CASRARRPSNTIYF,1
TPQDLNTML,CASRDPYEQYF,1
HPKVSSEVHI,CASRGADTGELF,1
HPKVSSEVHI,CASRGGPLTEAF,1
FPRPWLHGL,CASRGTGESPLHF,1
TPGPGVRYPL,CASRLLGPSTFFYGYTF,1
FPRPWLHGL,CASRLYSGGDKEQYF,1
HPKVSSEVHI,CASRPPDTGELF,1
TPQDLNTML,CASRQEGGGDGQPQHF,1
HPKVSSEVHI,CASRRDRDMNTEAF,1
HPKVSSEVHI,CASRRGSTYNEQF,1
FPRPWLHGL,CASRSGRTNEKLF,1
HPKVSSEVHI,CASRSPDTGELF,1
TPGPGVRYPL,CASSESGRGDTQYF,1
HPKVSSEVHI,CASSFDKGyEQYF,1
TPQDLNTML,CASSFGGTTEAF,1
TPQDLNTML,CASSFGLDEAF,1
FPRPWLHGL,CASSFRQGLGHTGELF,1
TPQDLNTML,CASSFSKNTEAF,1
HPKVSSEVHI,CASSFTRQSPYNEQF,1
FPRPWLHGL,CASSFYPTDEQF,1
TPGPGVRYPL,CASSGRDTSTDTQYF,1
FPRPWLHGL,CASSHLDSGLAVDTEAF,1
TPQDLNTML,CASSHSKNTEAF,1
FPRPWLHGL,CASSIKGYNELF,1
FPRPWLHGL,CASSIKGYNEQF,1
FPRPWLHGL,CASSIKGYNERF,1
FPRPWLHGL,CASSIQTVNSPLHF,1
FPRPWLHGL,CASSKDRGTDTQYF,1
HPKVSSEVHI,CASSLAGQGNGYTF,1
TPGPGVRYPL,CASSLASDTQYF,1
TPQDLNTML,CASSLDPEKGAF,1
FPRPWLHGL,CASSLEAPTDTQYF,1
TPQDLNTML,CASSLEGTSGPQETQYF,1
FPRPWLHGL,CASSLEGVPVEF,1
FPRPWLHGL,CASSLFGSPGQPQHF,1
FPRPWLHGL,CASSLFSGASQTQYF,1
FPRPWLHGL,CASSLFSGGEETQYF,1
HPKVSSEVHI,CASSLGPLTGLGPEAF,1
HPKVSSEVHI,CASSLGPRyEQYF,1
TPQDLNTML,CASSLGPTEAF,1
HPKVSSEVHI,CASSLGPTVPGNAIYF,1
HPKVSSEVHI,CASSLGPTVQGNYGYTF,1
HPKVSSEVHI,CASSLGPVEAF,1
TPQDLNTML,CASSLMGASGANVLTF,1
TPQDLNTML,CASSLRHLASDYNSPLHF,1
TPQDLNTML,CASSLSDVSWNTEAF,1
TPQDLNTML,CASSLSFTEAF,1
TPQDLNTML,CASSLSKNTEAF,1
TPGPGVRYPL,CASSLSPTEAF,1
TPGPGVRYPL,CASSLSRQGTGELF,1
TPQDLNTML,CASSLVFGTAGGQQF,1
FPRPWLHGL,CASSLWAGETEAF,1
FPRPWLHGL,CASSLWAGGPETQYF,1
FPRPWLHGL,CASSLWAGGSNEQF,1
FPRPWLHGL,CASSLWAGPSNEQF,1
FPRPWLHGL,CASSLWAGVSDTQYF,1
FPRPWLHGL,CASSLWDQETQYF,1
FPRPWLHGL,CASSLWGGASNEQYF,1
FPRPWLHGL,CASSLWGGDFSQEQF,1
FPRPWLHGL,CASSLWGGDFSQERF,1
FPRPWLHGL,CASSLWGGGDREQYF,1
FPRPWLHGL,CASSLWGGGFSQEQF,1
FPRPWLHGL,CASSLWGGIADTQYF,1
FPRPWLHGL,CASSLWGGSSNEQF,1
FPRPWLHGL,CASSLWPGASNEQF,1
FPRPWLHGL,CASSLWSGASNEQF,1
FPRPWLHGL,CASSLWSGGADTQYF,1
FPRPWLHGL,CASSLWSGRADTQYF,1
FPRPWLHGL,CASSLYAGPDQPQHF,1
FPRPWLHGL,CASSLYGGGEQPQHF,1
FPRPWLHGL,CASSLYGRGDQPQHF,1
FPRPWLHGL,CASSLYHSPTDQPQHF,1
FPRPWLHGL,CASSLYLAPNEKLF,1
FPRPWLHGL,CASSLYSGAEQPQHF,1
FPRPWLHGL,CASSLYSGGDQPQHF,1
FPRPWLHGL,CASSLYSGLDQPQHF,1
FPRPWLHGL,CASSLYSGYDQPQHF,1
FPRPWLHGL,CASSLYTGGDQPQHF,1
FPRPWLHGL,CASSPARGTDTQYF,1
TPQDLNTML,CASSPGNTEAF,1
TPGPGVRYPL,CASSPNTIANEQF,1
TPGPGVRYPL,CASSPPIPGTADTIYF,1
TPGPGVRYPL,CASSPRETRTDTQYF,1
TPGPGVRYPL,CASSPRGGGETQHF,1
TPGPGVRYPL,CASSPRGTRTDTQY,1
TPGPGVRYPL,CASSPVGRGTEAF,1
TPGPGVRYPL,CASSQAASGNTIYF,1
FPRPWLHGL,CASSQDHGGGTEAF,1
FPRPWLHGL,CASSQDMKGGSFTGELF,1
FPRPWLHGL,CASSQDRREQYF,1
HPKVSSEVHI,CASSQDRTSGNTIYF,1
TPQDLNTML,CASSQEGGGDGQPPHF,1
TPQDLNTML,CASSQEGGGEGQPQHF,1
FPRPWLHGL,CASSQEGGPAEQF,1
TPGPGVRYPL,CASSQEGRRDTQYF,1
HPKVSSEVHI,CASSQENRQGRYEQYF,1
TPGPGVRYPL,CASSQFTGTQETQYF,1
TPQDLNTML,CASSQGPTEAF,1
FPRPWLHGL,CASSQGQSSYEQYF,1
TPGPGVRYPL,CASSQRGADTEAF,1
TPQDLNTML,CASSREGYSNQPQHF,1
HPKVSSEVHI,CASSRGNTIYF,1
TPQDLNTML,CASSSAITGMGDSGNTIYF,1
TPQDLNTML,CASSSQTSGLFANTGELF,1
TPQDLNTML,CASSSTITGMGVSGNTIYF,1
HPKVSSEVHI,CASSSTRQSPYNEQF,1
HPKVSSEVHI,CASSSTWGTGELF,1
FPRPWLHGL,CASSSVDRNSYEQYF,1
TPGPGVRYPL,CASSTFGATQEIQYF,1
HPKVSSEVHI,CASSTTTGNTEAF,1
TPGPGVRYPL,CASSVAGGQVTDTQYF,1
FPRPWLHGL,CASSVFGGPDQPQHF,1
TPQDLNTML,CASSVGPNEQF,1
TPGPGVRYPL,CASSVVGGGAADTQYF,1
TPQDLNTML,CASSWTETGELF,1
TPGPGVRYPL,CASSYRVTEAF,1
TPGPGVRYPL,CASSYSRAPKLENIQY,1
TPGPGVRYPL,CASSYYSGGSSYNEQF,1
TPGPGVRYPL,CASSYYSGGTTYNEQF,1
HPKVSSEVHI,CASTLDRLAF,1
TPGPGVRYPL,CASTTAADTQYF,1
TPGPGVRYPL,CASYRSDRPTEAF,1
TPQDLNTML,CATHAGTGELF,1
FPRPWLHGL,CATRDRDRENQPQHf,1
TPGPGVRYPL,CATSERGGMETQYF,1
TPGPGVRYPL,CATSPRGGAVEQF,1
FPRPWLHGL,CATSRDRETGGDYGYTF,1
TPGPGVRYPL,CPSSPRGGGETQYF,1
HPKVSSEVHI,CSAADRASGIEQYF,1
FPRPWLHGL,CSAGDWANNEQF,1
TPGPGVRYPL,CSAPEPTSGRWSGELF,1
FPRPWLHGL,CSARGGQLQETQYF,1
HPKVSSEVHI,CSARGGTSIFYTF,1
HPKVSSEVHI,CSARRFPEAF,1
FPRPWLHGL,CSARTYAGGTDTQYF,1
HPKVSSEVHI,CSATARQGGMEQYF,1
HPKVSSEVHI,CSATDRDGGPEQYF,1
HPKVSSEVHI,CSATGRESGIEQYF,1
HPKVSSEVHI,CSATHRDRGLEQYF,1
HPKVSSEVHI,CSATRRDRGLEQYF,1
HPKVSSEVHI,CSATSRAGDNEQF,1
HPKVSSEVHI,CSATSRASAIEQYF,1
HPKVSSEVHI,CSATSRDGDNEQF,1
HPKVSSEVHI,CSATSRDRALEQYF,1
HPKVSSEVHI,CSATSRQGGLEQYF,1
HPKVSSEVHI,CSATSRRGGREQYF,1
FPRPWLHGL,CSGGGYGSGTYEQYf,1
FPRPWLHGL,CSVAGTGMTDTQYF,1
FPRPWLHGL,CSVEDSLVNEQF,1
TPQDLNTML,CSVRTHQGPTNEKLF,1
FPRPWLHGL,CTSSEGRDQETQYF,1
FPRPWLHGL,CTSSIKGYNEQF,1
TPQDLNTML,CTSSLVFGTAGGRQF,1
TPQDLNTML,CTSSSTITGMGDSGNTIYF,1
FPRPWLHGL,CVSSLFGSPEQPQHF,1
HPKVSSEVHI,GASRTSGEETQYF,1
YLAMPFATPMEAELARRSLA,CAIGTGDSNQPQHF,1
YLAMPFATPMEAELARRSLA,CASRTGTSDHEQYF,1
YLAMPFATPMEAELARRSLA,CASSDTTTDTQYF,1
YLAMPFATPMEAELARRSLA,CASSFGQAEKLF,1
YLAMPFATPMEAELARRSLA,CASSFGRLAGGPGTDTQYF,1
YLAMPFATPMEAELARRSLA,CASSGRSGANVLTF,1
YLAMPFATPMEAELARRSLA,CASSGTGTLSYEQYF,1
YLAMPFATPMEAELARRSLA,CASSLDGGNTGELF,1
YLAMPFATPMEAELARRSLA,CASSLDTDTQYF,1
YLAMPFATPMEAELARRSLA,CASSLLGTDRPQHF,1
YLAMPFATPMEAELARRSLA,CASSLQRFRETQYF,1
YLAMPFATPMEAELARRSLA,CASSLRGNEQF,1
YLAMPFATPMEAELARRSLA,CASSLVGTNIQYF,1
YLAMPFATPMEAELARRSLA,CASSRSGTGFLEQYF,1
YLAMPFATPMEAELARRSLA,CASSSTGGGGTEAF,1
YLAMPFATPMEAELARRSLA,CATSTNGRDLF,1
GLCTLVAML,CSVGTGGTNEKELF,1
LLWNGPMAV,CAISESPSGALGQFF,1
LLWNGPMAV,CAISEVLTGAYGYTF,1
LLWNGPMAV,CALSDLGGSGNTGKLIF,1
LLWNGPMAV,CANNCGFF,1
LLWNGPMAV,CASGTEIFYYEQYF,1
LLWNGPMAV,CASGTGTPYNEQFF,1
LLWNGPMAV,CASGTWGARQPQHF,1
LLWNGPMAV,CASNGGLAYEQYF,1
LLWNGPMAV,CASNTGTDSYEQYF,1
LLWNGPMAV,CASRPGQGYEQYF,1
LLWNGPMAV,CASSAGGTPDQPQHF,1
LLWNGPMAV,CASSAGQESYEQYF,1
LLWNGPMAV,CASSAGQGYEQYF,1
LLWNGPMAV,CASSAQGDSYEQYF,1
LLWNGPMAV,CASSATGTGGYEQYF,1
LLWNGPMAV,CASSAYNEQFF,1
LLWNGPMAV,CASSDKFAGNPQPQHF,1
LLWNGPMAV,CASSDLAGGTDTQYF,1
LLWNGPMAV,CASSDQTGDAYEQYF,1
LLWNGPMAV,CASSDSRGTEAFF,1
LLWNGPMAV,CASSDTDRGIYGYTF,1
LLWNGPMAV,CASSEALGSTSYEQYF,1
LLWNGPMAV,CASSEAVLGGNSYEQYF,1
LLWNGPMAV,CASSESPGYGYTF,1
LLWNGPMAV,CASSETGQPQHF,1
LLWNGPMAV,CASSETGTQAYEQYF,1
LLWNGPMAV,CASSFYGREAFF,1
LLWNGPMAV,CASSGGQAYEQYF,1
LLWNGPMAV,CASSGGTADTQYF,1
LLWNGPMAV,CASSGGTSGAYEQYF,1
LLWNGPMAV,CASSGQGAYGYTF,1
LLWNGPMAV,CASSGQGGYEQYF,1
LLWNGPMAV,CASSGRDRQNTEAFF,1
LLWNGPMAV,CASSGSSGYEQYF,1
LLWNGPMAV,CASSGTGVSPLHF,1
LLWNGPMAV,CASSHGQGAYEQYF,1
LLWNGPMAV,CASSHSGYEQFF,1
LLWNGPMAV,CASSIAPSGVAYEQYF,1
LLWNGPMAV,CASSIKPDGYEQYF,1
LLWNGPMAV,CASSKQGESNSPLHF,1
LLWNGPMAV,CASSLASGGALYNEQFF,1
LLWNGPMAV,CASSLEGQGAPGQPQHF,1
LLWNGPMAV,CASSLFPDNYGYTF,1
LLWNGPMAV,CASSLGAYNSPLHF,1
LLWNGPMAV,CASSLGGASYEQYF,1
LLWNGPMAV,CASSLGSTGTYEQYF,1
LLWNGPMAV,CASSLKGNTEAFF,1
LLWNGPMAV,CASSLKLAGTDTQYF,1
LLWNGPMAV,CASSLPAAGYGYTF,1
LLWNGPMAV,CASSLYPGTAEGGYTF,1
LLWNGPMAV,CASSLYPLGFGYTF,1
LLWNGPMAV,CASSNGQNAYEQYF,1
LLWNGPMAV,CASSNQGASAYGYTF,1
LLWNGPMAV,CASSPAAGGAYEQYF,1
LLWNGPMAV,CASSPAGAYGYTF,1
LLWNGPMAV,CASSPAGQGAGTGELFF,1
LLWNGPMAV,CASSPAGVSYEQYF,1
LLWNGPMAV,CASSPGGVSYGYTF,1
LLWNGPMAV,CASSPGHAYEQYF,1
LLWNGPMAV,CASSPGLGTYEQYF,1
LLWNGPMAV,CASSPGPTSYEQYF,1
LLWNGPMAV,CASSPGTGGYTEAFF,1
LLWNGPMAV,CASSPGTSGAYEQYF,1
LLWNGPMAV,CASSPGTVAYEQYF,1
LLWNGPMAV,CASSPNSAGGTEAFF,1
LLWNGPMAV,CASSPQGFSYEQYF,1
LLWNGPMAV,CASSPQTGAVTEAFF,1
LLWNGPMAV,CASSPRQGNDEQYF,1
LLWNGPMAV,CASSPSAGDYEQYF,1
LLWNGPMAV,CASSPSAGPGYGYTF,1
LLWNGPMAV,CASSPTGPAYEQYF,1
LLWNGPMAV,CASSPTGQGAHGYTF,1
LLWNGPMAV,CASSPWDRANTGELFF,1
LLWNGPMAV,CASSQAGAYEQYF,1
LLWNGPMAV,CASSQEAGGGTGELFF,1
LLWNGPMAV,CASSQEGTPISYEQYF,1
LLWNGPMAV,CASSQEGTSRPQHF,1
LLWNGPMAV,CASSQEVAYEQYF,1
LLWNGPMAV,CASSQGGDGYGYTF,1
LLWNGPMAV,CASSQGPAAYEQYF,1
LLWNGPMAV,CASSQGQANEKLFF,1
LLWNGPMAV,CASSQGQLNQPQHF,1
LLWNGPMAV,CASSQGTISYEQYF,1
LLWNGPMAV,CASSQGTSGNEQFF,1
LLWNGPMAV,CASSQLGNEQFF,1
LLWNGPMAV,CASSQVAKMAKDNYGYTF,1
LLWNGPMAV,CASSRQGGYGYTF,1
LLWNGPMAV,CASSRSGNYGYTF,1
LLWNGPMAV,CASSSAGAAYEQYF,1
LLWNGPMAV,CASSSGPAYEQYF,1
LLWNGPMAV,CASSSGRTEHNEQFF,1
LLWNGPMAV,CASSSGSPGSYGYTF,1
LLWNGPMAV,CASSSQGLSTEAFF,1
LLWNGPMAV,CASSSRTGDTQYF,1
LLWNGPMAV,CASSSSGTAYGYTF,1
LLWNGPMAV,CASSSTQGAAYGYTF,1
LLWNGPMAV,CASSTGATGSNNEQFF,1
LLWNGPMAV,CASSTGTAAYEQYF,1
LLWNGPMAV,CASSTRSSYEQYF,1
LLWNGPMAV,CASSVAPGRDGYTF,1
LLWNGPMAV,CASSVATEGYEQYF,1
LLWNGPMAV,CASSVDGGGGGYNEQFF,1
LLWNGPMAV,CASSVGGGREQFF,1
LLWNGPMAV,CASSVGGVTYNEQFF,1
LLWNGPMAV,CASSVKAGGNEQYF,1
LLWNGPMAV,CASSWGGAYEQYF,1
LLWNGPMAV,CASSYSEQGYGYTF,1
LLWNGPMAV,CASSYSGGGNQPQHF,1
LLWNGPMAV,CASSYSSSGGAYEQYF,1
LLWNGPMAV,CASSYSTEAYEQYF,1
LLWNGPMAV,CASSYTGTGSQPQHF,1
LLWNGPMAV,CASSYVRASYGYTF,1
LLWNGPMAV,CASTDGGDSYTQYF,1
LLWNGPMAV,CASTGTGGFSYNEQFF,1
LLWNGPMAV,CASTPGQALNEQYF,1
LLWNGPMAV,CASTPGTGAYEQYF,1
LLWNGPMAV,CASTPSPSRPPLF,1
LLWNGPMAV,CASTRQGAYEQYF,1
LLWNGPMAV,CATGAASSYEQYF,1
LLWNGPMAV,CATSESRGGGYGYTF,1
LLWNGPMAV,CATSGGGAYEQYF,1
LLWNGPMAV,CATSGGTSYEQFF,1
LLWNGPMAV,CATSRASGSYEQYF,1
LLWNGPMAV,CATSRATSNQPQHF,1
LLWNGPMAV,CATSRESGNGKLFF,1
LLWNGPMAV,CATSSASSYEQYF,1
LLWNGPMAV,CATSSGTGAYEQYF,1
LLWNGPMAV,CATTGGSGYEQYF,1
LLWNGPMAV,CAVGAGATYEQYF,1
LLWNGPMAV,CAWGYQITGSAYGYTF,1
LLWNGPMAV,CSAAGDRGADTQYF,1
LLWNGPMAV,CSAPASGGGNEQFF,1
LLWNGPMAV,CSAPLAGGHNEQFF,1
LLWNGPMAV,CSAPTSGGPNEQFF,1
LLWNGPMAV,CSAPTSGGSNEQFF,1
LLWNGPMAV,CSASDNMVGAYEQYF,1
LLWNGPMAV,CSASEAGGSYEQYF,1
LLWNGPMAV,CSASGARGADTQYF,1
LLWNGPMAV,CSASGDRGADTQYF,1
LLWNGPMAV,CSASLKADEQFF,1
LLWNGPMAV,CSATEAGGPGNEQFF,1
LLWNGPMAV,CSATGNRGADTQYF,1
LLWNGPMAV,CSGGDGNTIYF,1
LLWNGPMAV,CSGGLKADTQYF,1
LLWNGPMAV,CSVATSGGSNEQFF,1
LLWNGPMAV,CSVDRRADEQFF,1
LLWNGPMAV,CSVEGRGTDTQYF,1
LLWNGPMAV,CSVGEGLAYEQYF,1
LLWNGPMAV,CSVGGGGAGVETQYF,1
LLWNGPMAV,CSVPSRGYAGELFF,1
LLWNGPMAV,CSVPTSGGSNEQFF,1
LLWNGPMAV,CSVQRRADEQFF,1
LLWNGPMAV,CSVSGERGTDTQYF,1
LLWNGPMAV,CSVTGERGTDTQYF,1
LLWNGPMAV,CSVVLVDRGADTQYF,1
ELAGIGILTV,CASSFTPYNEQF,1
ELAGIGILTV,CASSPQGLGTEAF,1
ELAGIGILTV,CAEGQGFVGQPQHF,1
ELAGIGILTV,CASLRSAVWADTQYF,1
ELAGIGILTV,CASTLTGLGQPQHF,1
ELAGIGILTV,CASSFQGLGTEAF,1
ELAGIGILTV,CASSFNDEQF,1
ELAGIGILTV,CASSPSGLAGGHTQYF,1
ELAGIGILTV,CASSMTSYNEQYF,1
ELAGIGILTV,CASSLGGSNYEQYF,1
ELAGIGILTV,CASSSGLLGGQPQHF,1
ELAGIGILTV,CASSQGLAGAGELF,1
ELAGIGILTV,CASSPALTGGLIEQYF,1
ELAGIGILTV,CASSQTLVADTQYF,1
ELAGIGILTV,CASSYSATGGEQYF,1
ELAGIGILTV,CASSLSGSGDEQF,1
ELAGIGILTV,CASSLQSLLDEKLF,1
ELAGIGILTV,CASSLAQGWGAFF,1
ELAGIGILTV,CASSETQMNTEAF,1
ELAGIGILTV,CASSQDGGVTQYF,1
ELAGIGILTV,CASSWGQGDGYTF,1
ELAGIGILTV,CASSFGQGQPQHF,1
ELAGIGILTV,CASSPGQGAFSYTF,1
ELAGIGILTV,CASSYGTGNIQYF,1
GILGFVFTL,CASSYGQGTGIQYF,1
GILGFVFTL,CASSYGQGLYEQYF,1
GILGFVFTL,CASSPLALYFNEQF,1
GILGFVFTL,CASSPLAFYFNEQF,1
GILGFVFTL,CASSIISTDTQYF,1
GILGFVFTL,CASSIISADTQYF,1
GILGFVFTL,CASSIISSHTQYF,1
GLCTLVAML,CASSLGTGDEQYF,1
GLCTLVAML,CSVEDGTGSYEQYF,1
GILGFVFTL,CASSQVGGPDTQYF,1
GILGFVFTL,CASSSRGDSWAETQYF,1
GILGFVFTL,CATSGYLLDRSTDTQYF,1
GILGFVFTL,CASSQESLAGRGAYNEQFF,1
GILGFVFTL,CASSLVAGGGETQYF,1
GILGFVFTL,CASSIYGGSYNEQFF,1
GILGFVFTL,CASSPSTTLSSGASGETQYF,1
GILGFVFTL,CAIPGRGTANQPQHF,1
GILGFVFTL,CASSIGLWGYTF,1
GILGFVFTL,CSARGELGVDEQFF,1
GILGFVFTL,CASSILGKDTQYF,1
GILGFVFTL,CASSLRAGEVEQFF,1
GILGFVFTL,CSVAPSYNTGELFF,1
GILGFVFTL,CASSYTGGLMAFF,1
GILGFVFTL,CASSVVGGGAANEQFF,1
GILGFVFTL,CASSSRSGHEQYF,1
GILGFVFTL,CASSQVGEAGNTIYF,1
GILGFVFTL,CSGRINTEAFF,1
GILGFVFTL,CASSGRASGELFF,1
GILGFVFTL,CASSPSGVDQYF,1
GILGFVFTL,CASSARSAYEQYF,1
GILGFVFTL,CASSLGQGATF,1
GILGFVFTL,CSAWDRTEAFF,1
GILGFVFTL,CSVAQTGGYEQYF,1
GILGFVFTL,CASSQEDGTGSAGELFF,1
GILGFVFTL,CASSTVDPMLSEAFF,1
GILGFVFTL,CASSLVRDGPYEQYF,1
GILGFVFTL,CSVDGDSVAFF,1
GILGFVFTL,CASSSTGASNSPLHF,1
GILGFVFTL,CASSMRSGSEQYF,1
GILGFVFTL,CASSIGGDEKLFF,1
GILGFVFTL,CATPKGEASTEAFF,1
GILGFVFTL,CASSSRAVDEQYF,1
GILGFVFTL,CASSYPRDAGTSLDIQYF,1
GILGFVFTL,CASSFGRGSYEQYF,1
GILGFVFTL,CASSQDWATVYEQYF,1
GILGFVFTL,CASSNGAYGYTF,1
GILGFVFTL,CASSPRRAGAANTGELFF,1
GILGFVFTL,CSARGQQGAHEQYF,1
GILGFVFTL,CASSWGSEVVADTQYF,1
GILGFVFTL,CASSLFSIGEQFF,1
GILGFVFTL,CSARDYRGGTTYEQYF,1
GILGFVFTL,CASSLVGGPADTQYF,1
GILGFVFTL,CASSPRSSDTQYF,1
GILGFVFTL,CASSIGWSGYTF,1
GILGFVFTL,CASSHLQGGQYNEQFF,1
GILGFVFTL,CASSLAGVGEQFF,1
GILGFVFTL,CSVEQGAIGYTF,1
GILGFVFTL,CASSLGAGIGYTF,1
GILGFVFTL,CASSQDLPGPNTEAFF,1
GILGFVFTL,CASSLTGTLVDEQYF,1
GILGFVFTL,CSARDNLAGDTDTQYF,1
GILGFVFTL,CASSEEGQGRLSEQFF,1
GILGFVFTL,CASTDGTAFTEAFF,1
GILGFVFTL,CSALPGIYNEQFF,1
GILGFVFTL,CSARGPSGANVLTF,1
GILGFVFTL,CASSILSRDRPSTDTQYF,1
GILGFVFTL,CATSGTGGSGANVLTF,1
GILGFVFTL,CATSPLLESNYGYTF,1
GILGFVFTL,CSAKLGQDHTGELFF,1
GILGFVFTL,CSARDTSNQPQHF,1
GILGFVFTL,CASIPDRGSGNTIYF,1
GILGFVFTL,CSAEGNTEAFF,1
GILGFVFTL,CASSHVWAGTGFVYGYTF,1
GILGFVFTL,CASSASGDTGELFF,1
GILGFVFTL,CASSDSSVSEQFF,1
GILGFVFTL,CASSPPGVREQFF,1
GILGFVFTL,CASSPGISVNYGYTF,1
GILGFVFTL,CASSLRSAYEQYF,1
GILGFVFTL,CASSFGQGADIQYF,1
GILGFVFTL,CASSETGVGGYTF,1
GILGFVFTL,CASSIRSAIEQYF,1
GILGFVFTL,CASSRGLAANTGELFF,1
GILGFVFTL,CASSIYSGVGNEQFF,1
GILGFVFTL,CASAKGYGYTF,1
GILGFVFTL,CATSTPNTEAFF,1
GILGFVFTL,CASSDSGTTNEKLFF,1
GILGFVFTL,CSVEDGRDTGEGTDTQYF,1
GILGFVFTL,CASSSNIIRGSSYEQYF,1
GILGFVFTL,CASKGMASGGLRGTGELFF,1
GILGFVFTL,CASSAYDTDTQYF,1
GILGFVFTL,CASSPLLGGHQPQHF,1
GILGFVFTL,CASSLRSNTEAFF,1
GILGFVFTL,CASSIRAGYEQYF,1
GILGFVFTL,CASSGRSLEEQYF,1
GILGFVFTL,CASRTVNSPLHF,1
GILGFVFTL,CASSFTGPGELFF,1
GILGFVFTL,CASGGLSTDTQYF,1
GILGFVFTL,CASSPHGGGNTEAFF,1
GILGFVFTL,CASSFGGTQYF,1
GILGFVFTL,CASSEEYNEQFF,1
GILGFVFTL,CASSLNSSSYEQYF,1
GILGFVFTL,CATSDTHSGANVLTF,1
GILGFVFTL,CSVQRPAAYNEQFF,1
GILGFVFTL,CASSYPIQGTSNQPQHF,1
GILGFVFTL,CASSLALAGTDTQYF,1
GILGFVFTL,CATSDSSGPYNEQFF,1
GILGFVFTL,CASSQWTGGGGQPQHF,1
GILGFVFTL,CASVPYGYEQYF,1
GILGFVFTL,CASSSRPGELFF,1
GILGFVFTL,CASSSIFPGELFF,1
GILGFVFTL,CASSLTGSPYEQYF,1
GILGFVFTL,CASSLNLRDREAYEQYF,1
GILGFVFTL,CSAIPTGNYEQYF,1
GILGFVFTL,CASSLTGAEEQFF,1
GILGFVFTL,CATTIYEQYF,1
GILGFVFTL,CSARPSGGVSAYEQYF,1
GILGFVFTL,CASSHGTAGSGNTIYF,1
GILGFVFTL,CASSMVSIDEQFF,1
GILGFVFTL,CASSYPSRTGTSRDEQFF,1
GILGFVFTL,CAWSVILWGRGPTDTQYF,1
GILGFVFTL,CASSTDTNEQFF,1
GILGFVFTL,CASRKDNGVAGELFF,1
GILGFVFTL,CASSIGQGSGYEQYF,1
GILGFVFTL,CASSIHSGANNEQFF,1
GILGFVFTL,CASSALAGGYNEQFF,1
GILGFVFTL,CASSIHFSAGQPQHF,1
GILGFVFTL,CASSIVASGAGGELFF,1
GILGFVFTL,CASSVGVAGFNEKLFF,1
GILGFVFTL,CASSILTGPQPQHF,1
GILGFVFTL,CASSFRSQETQYF,1
GILGFVFTL,CASSLVGTGELFF,1
GILGFVFTL,CSARSWDRSELMGYTF,1
GILGFVFTL,CASSLGLGTGELFF,1
GILGFVFTL,CASSSYLQDRGTGELFF,1
GILGFVFTL,CASPPLSGTGHVRGYTF,1
GILGFVFTL,CASSIYSSSYNEQFF,1
GILGFVFTL,CASSERDRTTNEKLFF,1
GILGFVFTL,CASTHLRDKTFF,1
GILGFVFTL,CASKDNISFRGYTF,1
GILGFVFTL,CASSYSGPAAGQETQYF,1
GILGFVFTL,CSALDRAIANTGELFF,1
GILGFVFTL,CASSHGAEAFF,1
GILGFVFTL,CASSTGQGMDTEAFF,1
GILGFVFTL,CASSMGSHGYTF,1
GILGFVFTL,CASSSRSGIEQFF,1
GILGFVFTL,CAWRDRVGHQPQHF,1
GILGFVFTL,CASSIRAQETQYF,1
GILGFVFTL,CASSLEGANYGYTF,1
GILGFVFTL,CASSPFWGGEQYF,1
GILGFVFTL,CSARSGLAGGGDTQYF,1
GILGFVFTL,CAWSGSDTQYF,1
GILGFVFTL,CASSLGIVEQFF,1
GILGFVFTL,CASSDSRQGAFRRETQYF,1
GILGFVFTL,CASSTYANTEAFF,1
GILGFVFTL,CASSITGWGSPLHF,1
GILGFVFTL,CASSIHHGNEQFF,1
GILGFVFTL,CASRPNEGPYEQYF,1
GILGFVFTL,CASSLLQGTEAFF,1
GILGFVFTL,CSARGGVYNEQFF,1
GILGFVFTL,CASSPSGLAGLTDTQYF,1
GILGFVFTL,CASSLLGVGEKLFF,1
GILGFVFTL,CASSGYSVDTQYF,1
GILGFVFTL,CASSIRSGHEQFF,1
GILGFVFTL,CASSIGEGNGQFF,1
GILGFVFTL,CASSQDITVLYGYTF,1
GILGFVFTL,CASSQRSSTEAFF,1
GILGFVFTL,CASSESTGVEKLFF,1
GILGFVFTL,CAITHPPIGETQYF,1
GILGFVFTL,CASSIVSIAGELFF,1
GILGFVFTL,CASSNRASNEQFF,1
GILGFVFTL,CASSQDRREQYF,1
GILGFVFTL,CASSAYLGAGELFF,1
GILGFVFTL,CASSFSSTDTQYF,1
GILGFVFTL,CASSVGVAEAFF,1
GILGFVFTL,CSAPGQGFNEKLFF,1
GILGFVFTL,CSARVWDSYEQYF,1
GILGFVFTL,CSATRGGRTDTQYF,1
GILGFVFTL,CSSTGTEGYTGELFF,1
GILGFVFTL,CSVGGQGARCNQPQHF,1
GILGFVFTL,CSVPGGSGYTF,1
GILGFVFTL,CASSQSTGANVLTF,1
GILGFVFTL,CASSLGQDTDTQYF,1
GILGFVFTL,CASSYGLNTEAFF,1
GILGFVFTL,CASSIFSGANVLTF,1
GILGFVFTL,CASSSRPFWDRAMEGANVLTF,1
GILGFVFTL,CASSGRSGVEQFF,1
GILGFVFTL,CATSGQPQETQYF,1
GILGFVFTL,CASSYFRRLPGQVFYEQYF,1
GILGFVFTL,CASSIAGDEQFF,1
GILGFVFTL,CASSTLDRTSGFDTQYF,1
VLFGLGFAI,CAASGGSNYKLTF,1
VLFGLGFAI,CAGLGDSGGSNYKLTF,1
GILGFVFTL,CAWGVLFIGRGVGDYGYTF,1
GILGFVFTL,CASSQEVMTALQPDYGYTF,1
GILGFVFTL,CAASGGSNYKLTF,1
GILGFVFTL,CASSSAVIRGLDWCYTF,1
GILGFVFTL,CAISDLSITGGDNYGYTF,1
GILGFVFTL,CASRSSDPYEQYF,1
GILGFVFTL,CASSEVNRGINGYTF,1
GILGFVFTL,CASSQGVIESGELFF,1
GILGFVFTL,CASSSAVIRGLDGGYTF,1
GILGFVFTL,CASSEGAAIGPQHF,1
GILGFVFTL,CASSLGDNGGYEQYF,1
GILGFVFTL,CASSLWVAGNGSTF,1
GILGFVFTL,CIAQGAQKLVF,1
GILGFVFTL,CASSQDHRVMRLDAGELFF,1
GILGFVFTL,CASRIWYIRNEETQYF,1
GILGFVFTL,CSVPTEGIYGYTF,1
GILGFVFTL,CASSLDRAIGVTYEQYF,1
GILGFVFTL,CASSYGLAEQFF,1
GILGFVFTL,CSASASLTSGANVLTF,1
GILGFVFTL,CARRSRGENNGGVF,1
GILGFVFTL,CASSYQHEQYF,1
GILGFVFTL,CLAGEWYGGSQGNLIF,1
GILGFVFTL,CIVRVAMGAGNMLTF,1
GILGFVFTL,CATDGAGGADGLTF,1
GILGFVFTL,CVVSLNNAGNMLTF,1
GILGFVFTL,CASSEDRGDTGELFF,1
GILGFVFTL,CASSLGRINEQFF,1
GILGFVFTL,CAIREDSVFFF,1
GILGFVFTL,CASRPTTGLKLFF,1
GILGFVFTL,CASSLGGGGLFF,1
GILGFVFTL,CASSQRQGSGANVLTF,1
GILGFVFTL,CASVGPGYTGELFF,1
GILGFVFTL,CASREGSYPKNIQYF,1
GILGFVFTL,CAVRLGGARLMF,1
GILGFVFTL,CASRGGGSPLHF,1
GILGFVFTL,CASSLTGTASTYGYTF,1
GILGFVFTL,CASSWETETEAFF,1
GILGFVFTL,CASSYSGGNRKNTQNF,1
GILGFVFTL,CAVLMDNDMRF,1
GILGFVFTL,CAVTRNPGDSNYQLIW,1
GILGFVFTL,CASCSTSFNEQFF,1
GILGFVFTL,CASSPITGTSLANEQFF,1
GILGFVFTL,CAISQQSSYKQYF,1
GILGFVFTL,CAIRGEGNTEAFF,1
GILGFVFTL,CASPGGGTYYGYPF,1
GILGFVFTL,CAISDWSTYEQYF,1
GILGFVFTL,CASSLSWGYEQYF,1
GILGFVFTL,CASSPSRQSLNTEAFF,1
GILGFVFTL,CATSGTGYYEQYF,1
GILGFVFTL,CASRPLLETYDQPL,1
GILGFVFTL,CAGANTNAGKSTF,1
GILGFVFTL,CAVGPSNTGKLIF,1
GILGFVFTL,CILRDPFTGGGIKFTF,1
GILGFVFTL,CAVRDLNTGFQKLVF,1
GILGFVFTL,CIVRRGGTSYGKLTF,1
GILGFVFTL,CAAEDDTGGFKTIF,1
GILGFVFTL,CAASARSMDSNYQLIW,1
GILGFVFTL,CAVRDGTGANNLFF,1
YLDELIRNT,CASSVEGALTDTQYF,1
KLMNIQQKL,CAWSVSGNTEAFF,1
KLMNIQQKL,CAWSGYSYEQYF,1
VQYLGMFPV,CASNSGPNEKLFF,1
MMPFSIVYIV,CASSQEGQDYGYTF,1
MMPFSIVYIV,CATGPPPQDGSYEQYF,1
FMLYLLTLM,CAISEAGPGSANTEAFF,1
FMLYLLTLM,CASSQDPGSNQPQHF,1
FMLYLLTLM,CASSYHSSYEQYF,1
FMLYLLTLM,CSARGMRPEQYF,1
FMLYLLTLM,CSARDLQGTSWVEQFF,1
FMLYLLTLM,CASSSVGGSYEQYF,1
FMLYLLTLM,CASSLGRSSYEQYF,1
FMLYLLTLM,CASSRGGTGLAGELFF,1
FMLYLLTLM,CASSTYYEQFF,1
AMAGSLVFL,CASSPMTDSTDTQYF,1
SLLLLSVSV,CSVPVFGRGTGELFF,1
KLVALGINAV,CASSYYSGQGNEKLFF,1
KLVALGINAV,CASRRDSSGYTF,1
KLVALGINAV,CASSSGGGQPQHF,1
YLDELIRNT,CASSEPGPWAFF,1
YLDELIRNT,CASSWDRGTYEQYF,1
VQYLGMFPV,CASSLGQGYNEQFF,1
RLGPYLEFL,CASSFRRDTDTQYF,1
LIFNMFYWI,CATSGGQSNEKLFF,1
SLLLLPVSV,CASSLSYTPHQPQHF,1
LIFNMFYWI,CASSPGGTNEKLFF,1
KLWASPLHV,CASSQAGDGSYEQYF,1
KLVALGINAV,CASSYRGVEQYF,1
LIFNMFYWI,CASSFGQGYEQYF,1
KVAELVHFL,CATWDSGNIQYF,1
KLVALGINAV,CATSRDRGLTEAFF,1
KLVALGINAV,CASSAGGDTEAFF,1
KLVALGINAV,CASSGLAGGPFGMETQYF,1
KLVALGINAV,CASSLQASGRETQYF,1
KLVALGINAV,CAISPGGEQFF,1
KLVALGINAV,CASSRGGGTEAFF,1
KLVALGINAV,CASGAQHTEAFF,1
KLVALGINAV,CASSVGGDIGIGYTF,1
VVMSWAPPV,CASRGPYNEQFF,1
VVMSWAPPV,CASSSRLSQETQYF,1
VVMSWAPPV,CASRDSLTGELFF,1
KLMNIQQQL,CASTDTGELFF,1
KLVALGINAV,CASSTGNYGYTF,1
KIVALGINAV,CASSFPPAGTGELFF,1
MLNIPSINV,CSARSGVGNTIYF,1
LLFGYPVYV,CAISEPGTGDTEAFF,1
LLFGYPVYV,CASLGLEYEQYF,1
MLNIPSINV,CSARDPSQGGYEQYF,1
KIVALGINAV,CSATEGSGYTF,1
KLVALGINNV,CASSYSPGTGNTIYF,1
LLFGYPVYV,CATRGGEGQPQHF,1
SLPITVYYA,CASSLGDWDLEAFF,1
LLGATCMFV,CATSDSTGSYGYTF,1
LLGATCMFV,CASRGPYHNEQFF,1
LLGATCMFV,CASSLERLRVYSGYTF,1
LLGATCMFV,CASSALAGGQADTQYF,1
LLSLFSLWL,CASSYSENEQFF,1
ELAGIGILTV,CASRSYVASSNEQFF,1
ELAGIGILTV,CASTQWYGGGTPPYF,1
ELAGIGILTV,CASSLTTGVFSQPQHF,1
ELAGIGILTV,CATSPYSVTTFANTIYF,1
GLYDGMEHL,CAGMTVTEAFF,1
ELAGIGILTV,CASSQALLAPSTDTQYF,1
ELAGIGILTV,CASSEGGIGELFF,1
ELAGIGILTV,CASSQDTDGRMFF,1
ELAGIGILTV,CASSEAPGTSVGGLFF,1
ELAGIGILTV,CASTTGDGLGAFF,1
RLLPLLALL,CASSQDIGNFEQFF,1
LLGATCMFV,CASSGTGGYSGANVLTF,1
ELAGIGILTV,CASSEANEKLFF,1
ELAGIGILTV,CASSQAPLASGGYTF,1
ELAGIGILTV,CASSLAGQVFSGELFF,1
ELAGIGILTV,CASSQGTINTGELFF,1
ELAGIGILTV,CSARDGTSSGYF,1
ELAGIGILTV,CASMPRGFPSDEQFF,1
ELAGIGILTV,CASSQDWVAEQYF,1
ELAGIGILTV,CASSYGTGDGYTF,1
ELAGIGILTV,CASSQAGVGGELFF,1
ELAGIGILTV,CASSLPGLASHEQFF,1
ELAGIGILTV,CASSYSGLGQPQHF,1
ELAGIGILTV,CASSSTVYNEQFF,1
ELAGIGILTV,CASSRSPGGVYEQYF,1
ELAGIGILTV,CASSPSPAGAYEQYF,1
ELAGIGILTV,CASSPNLAGEEQYF,1
ELAGIGILTV,CASSLGQGQPQHF,1
ELAGIGILTV,CASSQEVVANNEQFF,1
ELAGIGILTV,CASSLGGNTGELFF,1
ELAGIGILTV,CASSLELAGGPAFF,1
ELAGIGILTV,CASRAGIQSGELFF,1
ELAGIGILTV,CASSPSGHYEQYF,1
LLWNGPMAV,CASSLSGDEQYF,1
LLWNGPMAV,CASSLTPSASGYEQYF,1
LLWNGPMAV,CASSPGTGGTYEQYF,1
LLWNGPMAV,CASSGGTGAYEQYF,1
LLFGYPVYV,CASSAGASIEQYF,1
LLWNGPMAV,CASSQAQGTYEQYF,1
LLWNGPMAV,CASTRQFNQPQHF,1
LLWNGPMAV,CASSQGGGTEAFF,1
LLWNGPMAV,CASSGGYEQYF,1
LLWNGPMAV,CASSFGDSYEQYF,1
LLWNGPMAV,CASSLSGSSYEQYF,1
LLWNGPMAV,CAISEASGVTYEQYF,1
LLWNGPMAV,CASSHRGYEQYF,1
ELAGIGILTV,CASSLTSGSFAGELFF,1
ELAGIGILTV,CASSPQGSGGEAFF,1
LLWNGPMAV,CASSYGGGYEQYF,1
ELAGIGILTV,CASSALGINEQFF,1
ELAGIGILTV,CASSWTGGGQPQHF,1
ELAGIGILTV,CASNQGPGNTIYF,1
ELAGIGILTV,CASSDSYEQYF,1
ALWGPDPAA,CASSLVPLSPEQYF,1
ELAGIGILTV,CASSLGAGGGGTQYF,1
GILGFVFTL,CASWDRGNEQFF,1
ELAGIGILTV,CASSFALSNEAFF,1
KLSEGDLLA,CASDEKLFF,1
ELAGIGILTV,CASSFAGTTEAFF,1
ELAGIGILTV,CASSDPGSGAYEQYF,1
LLAGTLAGV,CASSTNRGTLGEQYF,1
FRCPRRFCF,CASSALSDTDTQYF,1
FRCPRRFCF,CASSEDETGGDWDIQYF,1
FRCPRRFCF,CASSLDGASGYEQYF,1
FRCPRRFCF,CASSPPRGDSAQETQYF,1
FRCPRRFCF,CASTPWGEANEKLFF,1
FRCPRRFCF,CASSLDSLAGNEQFF,1
FRCPRRFCF,CASSEQGSEAFF,1
FRCPRRFCF,CASSFSRSGTEAFF,1
FRCPRRFCF,CASSLADSSEQYF,1
FRCPRRFCF,CASSLFSNQPQHF,1
FRCPRRFCF,CASSLGRGEDEQFF,1
FRCPRRFCF,CASSLMGALIDTQYF,1
FRCPRRFCF,CASSLTSGNEQFF,1
FRCPRRFCF,CASSSDLSSYNEQFF,1
FRCPRRFCF,CATSEEGGEKLFF,1
FRCPRRFCF,CATSGLDSSYYGYTF,1
FRCPRRFCF,CATSKSLAGGDTQYF,1
FRCPRRFCF,CATSMGGQITQYF,1
FRCPRRFCF,CATSNIAGETQYF,1
FRCPRRFCF,CATSPGQGPYEQYF,1
FRCPRRFCF,CATSRAVDNSYEQYF,1
FRCPRRFCF,CATSRDIGQGPLSTDTQYF,1
FRCPRRFCF,CATSRDLGQGAPSTDTQYF,1
FRCPRRFCF,CATSRDSGDTGELFF,1
FRCPRRFCF,CATSREEGQTYEQYF,1
FRCPRRFCF,CATSREGIGDNTIYF,1
FRCPRRFCF,CATSRFGGEKLFF,1
FRCPRRFCF,CATSRGTGQTYEQYF,1
FRCPRRFCF,CATSRVAGEELFF,1
FRCPRRFCF,CATSRVAGEEQFF,1
FRCPRRFCF,CATSRVAGEVQYF,1
FRCPRRFCF,CATSSHAGETQYF,1
FRCPRRFCF,CATSSHVGETQYF,1
FRCPRRFCF,CATSSSAGEEQFF,1
FRCPRRFCF,CATSSVAGEEQFF,1
FRCPRRFCF,CATTWTAGETQYF,1
FRCPRRFCF,CASSPTRRVPPLGRQPQHF,1
FRCPRRFCF,CASSMEGGTEAFF,1
FRCPRRFCF,CASRETGLNQPQHF,1
FRCPRRFCF,CASRPGHDSGYYGYTF,1
FRCPRRFCF,CASSDEGDRGGYEQYF,1
FRCPRRFCF,CASSIAFDSGHQPQHF,1
FRCPRRFCF,CASSIEGGAEAFF,1
FRCPRRFCF,CASSLEGGGEQFF,1
FRCPRRFCF,CASSTAFDSSNQPQHF,1
FRCPRRFCF,CASSTEMDSSGQPQHF,1
FRCPRRFCF,CASSYGLEQFF,1
FRCPRRFCF,CASSEAWTGKETQYF,1
FRCPRRFCF,CASSEGVENANYGYTF,1
FRCPRRFCF,CSAAFEGDYEAFF,1
FRCPRRFCF,CSAEGLQNTEAFF,1
FRCPRRFCF,CSAETLQSTVQPQHF,1
FRCPRRFCF,CSAPTLERNDIQYF,1
FRCPRRFCF,CSARDLTDAEAFF,1
FRCPRRFCF,CSARDWGDGGTGELFF,1
FRCPRRFCF,CSASGDEGAEGGTEAFF,1
FRCPRRFCF,CSASILTGEDTQYF,1
FRCPRRFCF,CSASPGLANTDTQYF,1
FRCPRRFCF,CSATRLEGDEQFF,1
FRCPRRFCF,CATSDFTGDGGELFF,1
FRCPRRFCF,CATSDLDRDDTQYF,1
FRCPRRFCF,CASSDRRGSYNEQFF,1
FRCPRRFCF,CASSEEQSTDTQYF,1
FRCPRRFCF,CASSEETRAPVHRYTF,1
FRCPRRFCF,CASSLSRGGNTIYF,1
FRCPRRFCF,CASSVDREGETQYF,1
FRCPRRFCF,CAIDTGNSPLHF,1
FRCPRRFCF,CASEDTGELFF,1
FRCPRRFCF,CASIGRENNEQFF,1
FRCPRRFCF,CASNSADPEAFF,1
FRCPRRFCF,CASSAGTAYNEQFF,1
FRCPRRFCF,CASSDSKTYNEQFF,1
FRCPRRFCF,CASSEITGGGETQYF,1
FRCPRRFCF,CASSFAGSPHEQFF,1
FRCPRRFCF,CASSFEAGAGYNEQFF,1
FRCPRRFCF,CASSFEEGLLLNEKLFF,1
FRCPRRFCF,CASSFEGLKNTEAFF,1
FRCPRRFCF,CASSFSDTNSPLHF,1
FRCPRRFCF,CASSFTGTEQFF,1
FRCPRRFCF,CASSHMGDSVKNIQYF,1
FRCPRRFCF,CASSLADIGQPQHF,1
FRCPRRFCF,CASSLATGTSGEGNEQFF,1
FRCPRRFCF,CASSLEALGGATDTQYF,1
FRCPRRFCF,CASSLEALPVDTEAFF,1
FRCPRRFCF,CASSLEALSSYNEQFF,1
FRCPRRFCF,CASSLEDLGPLGTDTQYF,1
FRCPRRFCF,CASSLEEAGKMNTEAFF,1
FRCPRRFCF,CASSLEEASRMNTEAFF,1
FRCPRRFCF,CASSLEFLAGVQETQYF,1
FRCPRRFCF,CASSLEFLGGNADEQYF,1
FRCPRRFCF,CASSLEFLTDRSYEQYF,1
FRCPRRFCF,CASSLEFTGTPEEDTQYF,1
FRCPRRFCF,CASSLEGGGSMNTEAFF,1
FRCPRRFCF,CASSLEGIGATNEKLFF,1
FRCPRRFCF,CASSLEGLAGFTDTQYF,1
FRCPRRFCF,CASSLEGLGGSSWDEQFF,1
FRCPRRFCF,CASSLEHLPTESYEQYF,1
FRCPRRFCF,CASSLEIAGGQETQYF,1
FRCPRRFCF,CASSLEIGLDTDNSPLHF,1
FRCPRRFCF,CASSLEILGQHSTDTQYF,1
FRCPRRFCF,CASSLELLGGSSTDTQYF,1
FRCPRRFCF,CASSLELLGVSTDTQYF,1
FRCPRRFCF,CASSLELVVSMNTEAFF,1
FRCPRRFCF,CASSLEPLAGDEQFF,1
FRCPRRFCF,CASSLEPLGRDVSDTQYF,1
FRCPRRFCF,CASSLEPLIQVTDTQYF,1
FRCPRRFCF,CASSLEPVATNEKLFF,1
FRCPRRFCF,CASSLEPVGATDTQYF,1
FRCPRRFCF,CASSLEQGAGETQYF,1
FRCPRRFCF,CASSLEQLSGNTIYF,1
FRCPRRFCF,CASSLERLAGASTDTQYF,1
FRCPRRFCF,CASSLERLAGPEPDTQYF,1
FRCPRRFCF,CASSLERLAGQSADTQYF,1
FRCPRRFCF,CASSLERLGGTSTDTQYF,1
FRCPRRFCF,CASSLESLGGSKPYEQYC,1
FRCPRRFCF,CASSLETGVATEAFF,1
FRCPRRFCF,CASSLETSGGQETQYF,1
FRCPRRFCF,CASSLEVAGGLGDEQFF,1
FRCPRRFCF,CASSLEVGGGLETQYF,1
FRCPRRFCF,CASSLEWGAGSDGYTF,1
FRCPRRFCF,CASSLEWLAGGSTDTQYF,1
FRCPRRFCF,CASSLEWLGLTTDTQYF,1
FRCPRRFCF,CASSLEWLPGNTIYF,1
FRCPRRFCF,CASSLEWTGGSSTDTQYF,1
FRCPRRFCF,CASSLEWVGDNSPLHF,1
FRCPRRFCF,CASSLEYLDRGYEQYF,1
FRCPRRFCF,CASSLEYLSGYSYEQYF,1
FRCPRRFCF,CASSLEYVGGGSNTDTQYF,1
FRCPRRFCF,CASSLGDTNQPQHF,1
FRCPRRFCF,CASSLGFSGANVLTF,1
FRCPRRFCF,CASSLIDGQGNNEQFF,1
FRCPRRFCF,CASSLLDSEKLFF,1
FRCPRRFCF,CASSLLPNTGELFF,1
FRCPRRFCF,CASSLPEGLAHEQYF,1
FRCPRRFCF,CASSLPEGTDTEAFF,1
FRCPRRFCF,CASSLPPPGPLGEQYF,1
FRCPRRFCF,CASSLRLNQPQHF,1
FRCPRRFCF,CASSLTGDGQETQYF,1
FRCPRRFCF,CASSLVDSSRQETQYF,1
FRCPRRFCF,CASSPEAASALADTQYF,1
FRCPRRFCF,CASSPEQGAGEKLFF,1
FRCPRRFCF,CASSPLENNEQFF,1
FRCPRRFCF,CASSPLTSGVSQFF,1
FRCPRRFCF,CASSPPEGLPYNEQFF,1
FRCPRRFCF,CASSPPGTGDLETQYF,1
FRCPRRFCF,CASSSLNSNQPQHF,1
FRCPRRFCF,CASSTIGQGYGYTF,1
FRCPRRFCF,CASSTLDSGGDTQYF,1
FRCPRRFCF,CASTGFGQPQHF,1
FRCPRRFCF,CASTLESGLQYNTDTQYF,1
FRCPRRFCF,CASTTPTTGGYEQYF,1
FRCPRRFCF,CASVREGGLTDTQYF,1
FRCPRRFCF,CATYSDTGELFF,1
FRCPRRFCF,CSVERLNTGELFF,1
FRCPRRFCF,CASSQDGAGGITDTQYF,1
FRCPRRFCF,CASSQDIWGSTDTQYF,1
FRCPRRFCF,CASSQDKEDLRHNEQFF,1
FRCPRRFCF,CASSQDLAGDSSYNEQFF,1
FRCPRRFCF,CASSQGLGERAEAFF,1
FRCPRRFCF,CASSSSERAQGPDTQYF,1
FRCPRRFCF,CAWAPGQGAYEQYF,1
FRCPRRFCF,CAWRLWGDDNTEAFF,1
FRCPRRFCF,CAWSDETGEGGYTQYF,1
FRCPRRFCF,CASSQDLTGTGADEQYF,1
FRCPRRFCF,CASSQLQGPTEAFF,1
FRCPRRFCF,CASSGENIEAFF,1
FRCPRRFCF,CASSQDGVGQGPYEQYF,1
FRCPRRFCF,CASSQDPETEAFF,1
FRCPRRFCF,CASSQDPGLAGTGELFF,1
FRCPRRFCF,CASSPFHDSGHYGYTF,1
FRCPRRFCF,CASSQDGSADNEKLFF,1
FRCPRRFCF,CASSQDIGDNNEQFF,1
FRCPRRFCF,CASSQDIGDNQPQHF,1
FRCPRRFCF,CASSQDIGYSGNTIYF,1
FRCPRRFCF,CASSQDLGDGNEQFF,1
FRCPRRFCF,CASSQDLGDTGELFF,1
FRCPRRFCF,CASSQDLGTPSGGTDTQYF,1
FRCPRRFCF,CASSQDLSSGNTIYF,1
FRCPRRFCF,CASSQDLVTDTQYF,1
FRCPRRFCF,CASSQDLYGENNSPLHF,1
FRCPRRFCF,CASSQDPGTDATNEKLFF,1
FRCPRRFCF,CASSQDPNTDATNEKLFF,1
FRCPRRFCF,CASSQDRGVREYEQYF,1
FRCPRRFCF,CASSQDVASGDYEQYF,1
FRCPRRFCF,CASSQDVGSGNTIYF,1
FRCPRRFCF,CASSQDVPENYGYTF,1
FRCPRRFCF,CASSQDVSDTGELFF,1
FRCPRRFCF,CASSQDWSSFGSYNEQFF,1
FRCPRRFCF,CASSQEFDDSPYEQYF,1
FRCPRRFCF,CASSQEPDDSYNEQFF,1
FRCPRRFCF,CASSQEYDSGGSPLHF,1
FRCPRRFCF,CASSQTPDILWGEQYF,1
FRCPRRFCF,CASSQVHDSSNSPLHF,1
FRCPRRFCF,CATTLGLAGDEQYF,1
FRCPRRFCF,CASSAGLAGGIQETQYF,1
FRCPRRFCF,CASSGLRENTEAFF,1
FRCPRRFCF,CASSQFVEELTEAFF,1
FRCPRRFCF,CASNPGGLGTEAFF,1
FRCPRRFCF,CASRTIDSSYNEQFF,1
FRCPRRFCF,CASSAQGAINTEAFF,1
FRCPRRFCF,CASSDFTGGEYEQYF,1
FRCPRRFCF,CASSEAASYEQYF,1
FRCPRRFCF,CASSEALGRYTDTQYF,1
FRCPRRFCF,CASSEDHFGANIQYF,1
FRCPRRFCF,CASSEESDRDGYEQYF,1
FRCPRRFCF,CASSEYGGQETQYF,1
FRCPRRFCF,CASSGGLEQYF,1
FRCPRRFCF,CASSGQGFSGANVLTF,1
FRCPRRFCF,CASSPDSFSGANVLTF,1
FRCPRRFCF,CASSPKFPSGYNEQFF,1
FRCPRRFCF,CASSPVAGGFGGEKLFF,1
FRCPRRFCF,CASSVNDGVQEDEQYF,1
FRCPRRFCF,CASSYAPEPGELFF,1
FRCPRRFCF,CASSYIDPAAEAFF,1
FRCPRRFCF,CASSYSSGVETQYF,1
FRCPRRFCF,CASSYSTPSGGEVWDEQFF,1
FRCPRRFCF,CASSYSVPGELFF,1
FRCPRRFCF,CASSYTGTGGTEAFF,1
FRCPRRFCF,CASTTGLGTDTQYF,1
FRCPRRFCF,CATGDFEAFF,1
FRCPRRFCF,CASSGLAGEDTQYF,1
FRCPRRFCF,CASSPPPGSYEQYF,1
FRCPRRFCF,CASSYWLAYLQETQYF,1
FRCPRRFCF,CASSADGIGEQYF,1
FRCPRRFCF,CASSFSGGSYNEQFF,1
FRCPRRFCF,CASSHRRPLGGTEAFF,1
FRCPRRFCF,CASSLGSGLAEAFF,1
FRCPRRFCF,CASSLIGTSGGALDTQYF,1
FRCPRRFCF,CASSLPEFYEQYF,1
FRCPRRFCF,CASSLQGTQPQHF,1
FRCPRRFCF,CASSTTSGLAKNIQYF,1
FRCPRRFCF,CASSWGPTGYTPLHF,1
FRCPRRFCF,CASSGPGLAGGTDTQYF,1
FRCPRRFCF,CASSIDLGGELFF,1
FRCPRRFCF,CASSLDPETYEQYF,1
FRCPRRFCF,CASSLEFTSGETQYF,1
FRCPRRFCF,CASSLEVSSNEKLFF,1
FRCPRRFCF,CASSLGNTGELFF,1
FRCPRRFCF,CASSPPLDSGNTEAFF,1
FRCPRRFCF,CASSSIPGGPTSGNTIYF,1
FRCPRRFCF,CASSLDPESGELFF,1
FRCPRRFCF,CASIPVGLAGVSSTDTQYF,1
FRCPRRFCF,CASSFEVADSYEQYF,1
FRCPRRFCF,CASSLDGNTEAFF,1
FRCPRRFCF,CASSLDPTSGYEQYF,1
FRCPRRFCF,CASSLESGELFF,1
FRCPRRFCF,CASSLGEQGILEGEKLFF,1
FRCPRRFCF,CASSLGRITLKLVF,1
FRCPRRFCF,CASSLVPGTTSYEQYF,1
FRCPRRFCF,CASSPDLSSGNTIYF,1
FRCPRRFCF,CASSSGTSQISGANVLTF,1
FRCPRRFCF,CASSSYSGGNIFHTDTQYF,1
FRCPRRFCF,CASSYTSGGYTGELFF,1
FRCPRRFCF,CASSLVPRVGGELFF,1
FRCPRRFCF,CASSWGTANTEAFF,1
FRCPRRFCF,CASSVVDSNEQFF,1
LLFGYPVYV,CASSLPDTQYF,1
LLFGYPVYV,CASSARLGQPQHF,1
LLFGYPVYV,CASSFMTDTQYF,1
LLFGYPVYV,CASSLTIGGAQFF,1
LLFGYPVYV,CASQDFLSSGAYNEQFF,1
LLFGYPVYV,CASSQERLSFGTKNIQYF,1
LLFGYPVYV,CASSKPSVMNTEAFF,1
LLFGYPVYV,CASSSEYRSGANVLTF,1
LLFGYPVYV,CASSYPGQGEHEQYF,1
LLFGYPVYV,CASSSPGQGNYEQYF,1
LLFGYPVYV,CASSVPGAGEETQYF,1
LLFGYPVYV,CASSTPGQGAYEQYF,1
LLFGYPVYV,CAAFQGAQKLVF,1
LLFGYPVYV,CASSKPGLGGTGELFF,1
LLFGYPVYV,CASQLGQGVHGYGYTF,1
LLFGYPVYV,CASSRPGLAGRNEQFF,1
GILGFVFTL,CASSTNTEAFF,1
GILGFVFTL,CASSSVPNNEAFF,1
GILGFVFTL,CASSTHTLAEQFF,1
GILGFVFTL,CASSMRSQETQYF,1
GILGFVFTL,CASSIRSDTQYF,1
GILGFVFTL,CASSLLAADEQYF,1
SFHSLHLLF,CASSLSALSYNEQF,1
SFHSLHLLF,CASSPDRTQEQYF,1
SFHSLHLLF,CASSPDRELFHTF,1
SFHSLHLLF,CASSLVGTAYNNEQFF,1
SFHSLHLLF,CSVAGGRTGELFF,1
SFHSLHLLF,CASSLNGGHYEQYF,1
SFHSLHLLF,CASIIDRSNEQFF,1
SFHSLHLLF,CASLPGRATEAFF,1
SFHSLHLLF,CASSPNREKTQYF,1
SFHSLHLLF,CISVPAARTGHRTQYF,1
SFHSLHLLF,CASGLGTDTQYF,1
SFHSLHLLF,CASRPDRDNNYGFGF,1
SFHSLHLLF,CASRPDRGHTQYF,1
SFHSLHLLF,CASSPPRTDTQYF,1
SFHSLHLLF,CASSPDRANTQYF,1
SFHSLHLLF,CASRPERDNNCF,1
SFHSLHLLF,CASSPDRAHTQYF,1
SFHSLHLLF,CASSQSQGWAYEQYF,1
SFHSLHLLF,CASTPDRVAKNIQYF,1
SFHSLHLLF,CASSQRQGNNSPLHF,1
SFHSLHLLF,CASSQDSNAYNEQFF,1
SFHSLHLLF,CASSPPRGAEQYF,1
SFHSLHLLF,CASSVTSPGSCFF,1
SFHSLHLLF,CSARDGRAASRDQPQHF,1
SFHSLHLLF,CASSPSSTGFYNEQFF,1
SFHSLHLLF,CASSPDRGTEAFF,1
SFHSLHLLF,CASSVRGNEQFF,1
SFHSLHLLF,CASSLGSRPGYF,1
SFHSLHLLF,CAREWRGEAYEQYF,1
SFHSLHLLF,CASIARVPSPGSCF,1
SFHSLHLLF,CAMSPDRVNTQYF,1
SFHSLHLLF,CASSPDRAGEQYF,1
SFHSLHLLF,CASSPDREATQYF,1
SFHSLHLLF,CASSPDREKTQYF,1
SFHSLHLLF,CASSPDRQPDQHF,1
SFHSLHLLF,CASSEDRAATGELFF,1
SFHSLHLLF,CASSQDRRPEAFF,1
SFHSLHLLF,CASSDPGDSLNGYTF,1
SFHSLHLLF,CASSWPSGEGEQYF,1
SFHSLHLLF,CASSPDRVQEQFF,1
SFHSLHLLF,CSARTSGGGYPVDTQYF,1
SFHSLHLLF,CASRPPGTGQEQYF,1
SFHSLHLLF,CASSQTRTSGLQETQYF,1
SFHSLHLLF,CASSPDRSPEAFF,1
SFHSLHLLF,CASNPPRANTGELFF,1
SFHSLHLLF,CASILDRSETQYF,1
SFHSLHLLF,CASSRDRERYEQYF,1
SFHSLHLLF,CSARAAGTSGRRGDTQYF,1
SFHSLHLLF,CASSPDRAPEAFF,1
SFHSLHLLF,CASPRDREDGYTF,1
SFHSLHLLF,CASSPDRADEQFF,1
SFHSLHLLF,CASSPNRGPADEQYF,1
SFHSLHLLF,CASSPNFGPNYGYTF,1
SFHSLHLLF,CASSMRDIGNTGELFF,1
SFHSLHLLF,CASSGGRGSPLHF,1
SFHSLHLLF,CASSPDRVKTQYF,1
SFHSLHLLF,CASSAPRTGELFF,1
SFHSLHLLF,CATSDRGQGEYNEQFF,1
SFHSLHLLF,CASSLEGTGVSGANVLTF,1
SFHSLHLLF,CASSLGDRLYEQYF,1
SFHSLHLLF,CASSDPLTEGTDTQYF,1
SFHSLHLLF,CASSLSSRGETHYF,1
SFHSLHLLF,CASSLGSSGETQYF,1
SFHSLHLLF,CASIPPRGQEQFF,1
SFHSLHLLF,CASSLDRVHEQYF,1
SFHSLHLLF,CAIGGGGAETQYF,1
SFHSLHLLF,CASTATGTLTEAFF,1
SFHSLHLLF,CSARETGAAGETQYF,1
SFHSLHLLF,CASSTRGREQYF,1
SFHSLHLLF,CASSPPRQRDTQYF,1
FLWLLWPVTLACFVLAAV,CASTPIGQGKGSYNEQFF,0
IMLIIFWFSL,CSARDSLWGLDWPQHF,0
KPFERDISTEIY,CASSYALAGSNYEQYF,0
FLNGSCGSV,CAWQPGQTLTDTQYF,0
FLNGSCGSV,CASSQDHTHRDRENSPLHF,0
GSFCTQLNR,CSAREPPLKTGELFF,0
HTTDPSFLGRY,CASRKGLQGAMGNTEAFF,0
FLWLLWPVTLACFVLAAV,CASQLKNTEAFF,0
NYNYLYRLFRK,CASRMGGTVGSGELFF,0
MGYINVFAFPFTIYSL,CASSRTGWRYEQYF,0
FLWLLWPVTLACFVLAAV,CASSSVGYFMNTEAFF,0
TPINLVRDL,CASTTGIRIANYGYTF,0
APKEIIFLEGETL,CASSKRRTSGRFTGELFF,0
FLPRVFSAV,CSLTGQVENEKLFF,0
GMEVTPSGTWLTY,CASTSGQGATEAFF,0
LSPRWYFYYL,CSAKDTSGIYEQYF,0
YLDAYNMMI,CASSSRRDGVDEQFF,0
MGYINVFAFPFTIYSL,CASSRKLDKYQETQYF,0
KLNDLCFTNVYADSFVIR,CASSWRQLTEAFF,0
NRDVDTDFVNEFYAY,CASSDVTLSNQPQHF,0
FLWLLWPVTLACFVLAAV,CASSANAGDKQYF,0
GLEAPFLYLYALVYFLQSINFVRIIMR,CATSRESSGVNIQYF,0
HTTDPSFLGRY,CATSERTAGANVLTF,0
HTTDPSFLGRY,CASSQEMSGSPHNEQFF,0
VLWAHGFEL,CAGSLTDLLNTGELFF,0
MGYINVFAFPFTIYSL,CASSGFRGRDEQFF,0
MGYINVFAFPFTIYSL,CSARKNRSNQPQHF,0
GLEAPFLYLYALVYFLQSINFVRIIMR,CASSLTWDRGADTQYF,0
FLWLLWPVTLACFVLAAV,CASSRKLDGELFF,0
SYQTQTNSPRRARSVA,CASSYASLFSGGPTGRNTQYF,0
VYSSANNCTFEY,CAWSMPG,0
FLNGSCGSV,CASSQGTGGSMHTEAFF,0
RQLLFVVEV,CASSYSRGSQGGLARRSGEQYF,0
MGYINVFAFPFTIYSL,CARGDQYNEQFF,0
SELVIGAVIL,CAAVDGPNTEAFF,0
FLPRVFSAV,CASSRYLGGQGSGANVLTF,0
MGYINVFAFPFTIYSL,CASSLNPQGNLENTIYF,0
YLDAYNMMI,CSARVSGISSTDTQYF,0
HTTDPSFLGRY,CASSYARAGGTDTQYF,0
MGYINVFAFPFTIYSL,CASSTHRDPNTEAFF,0
FVCNLLLLFVTVYSHLLLV,CASSDSGLAEQFF,0
MGYINVFAFPFTIYSL,CASSFPGPRVLTQYF,0
VQPTESIVRFPNITNLCPF,CASSPIYSDLGEQYF,0
MGYINVFAFPFTIYSL,CASSGGLAGRNEQYF,0
NPLLYDANYFLCW,CSARQEWSTGELFF,0
VQPTESIVRFPNITNLCPF,CASSLLGKTSLF,0
FLNGSCGSV,CASGDRGQWHSAFF,0
MGYINVFAFPFTIYSL,CASSRVGRTGQGGYTF,0
YVVDDPCPIHFY,CASSSLTPSAARGKHEQYF,0
ITEEVGHTDLMAAY,CASSKGRVGGSTDTQYF,0
KEIDRLNEV,CASSPGTRGLNEQFF,0
MGYINVFAFPFTIYSL,CATSRDPPGVNNSPLHF,0
SELVIGAVIL,CASSLLGQGENEKLFF,0
FLNGSCGSV,CASSDGGGGSYNEQFF,0
VQPTESIVRFPNITNLCPF,CASSRRGHRNSPLHF,0
GLEAPFLYLYALVYFLQSINFVRIIMR,CASSQVWGAGSYEQYF,0
FLWLLWPVTLACFVLAAV,CASSQPSSTDNEQFF,0
IMLIIFWFSL,CASCLQETQYF,0
FLWLLWPVTLACFVLAAV,CSAITREAFF,0
FLNGSCGSV,CASSETREAQETQYF,0
SYQTQTNSPRRARSVA,CASSYRTTLITDTQYF,0
FLWLLWPVTLACFVLAAV,CASSFSNVVGNPGGYTF,0
FLWLLWPVTLACFVLAAV,CASRDRGLTEYGYTF,0
VYSSANNCTFEY,CAWSATGTGSGNTIYF,0
HTTDPSFLGRY,CASGGGLPYNEQFF,0
MGYINVFAFPFTIYSL,CASSPVRGYSEAFF,0
FLWLLWPVTLACFVLAAV,CASRVTGATNAYGYTF,0
GLEAPFLYLYALVYFLQSINFVRIIMR,CASSQYPRTGELFF,0
HTTDPSFLGRY,CASSLGTSGGPELGTQYF,0
KLSYGIATV,CASSSITGFGNSPLHF,0
MGYINVFAFPFTIYSL,CASRREAYQNIQYF,0
FLPFFSNVTWFHAI,CSASSAGASFAYNEQFF,0
FLWLLWPVTLACFVLAAV,CASSLDHNWGRTEAFF,0
MGYINVFAFPFTIYSL,CASAGTGGLPSNQPQHF,0
MGYINVFAFPFTIYSL,CASSSPQAGANEQFF,0
FLPRVFSAV,CASSLSGAPTYNEQFF,0
NRDVDTDFVNEFYAY,CASSQTSTLSKNIQYF,0
TLVPQEHYV,CASRIKQGSGTGELFF,0
APKEIIFLEGETL,CSAREPRTGDNSPLHF,0
FLNGSCGSV,CASSLGVGAEQYF,0
GVAMPNLYK,CAWSVRSRSYEQYF,0
LPPAYTNSF,CASSGVRGFYTF,0
FLWLLWPVTLACFVLAAV,CASSLGRAANLYGYTF,0
FVCNLLLLFVTVYSHLLLV,CRRQVSSYEQYF,0
APKEIIFLEGETL,CSTTGDRADTEAFF,0
LSPRWYFYYL,CASSQESGGRTDTQYF,0
APKEIIFLEGETL,CASSPGGPYHF,0
FLWLLWPVTLACFVLAAV,CASSMGDRVGEQYF,0
HTTDPSFLGRY,CASSPNPTGRDSPLHF,0
SEVGPEHSLAEY,CASSYFGGVGETQYF,0
RQLLFVVEV,CASSFGQGINGYTF,0
MGYINVFAFPFTIYSL,CATSRVPGTGNTGELFF,0
RLFARTRSMW,CASSEARGGDSPLHF,0
RQLLFVVEV,CASSREFISGNTIYF,0
FTISVTTEIL,CATHRAGEQYF,0
FLWLLWPVTLACFVLAAV,CASSANHLTSGGLRYEQYF,0
SEVGPEHSLAEY,CSARGVAGGRTDTQYF,0
FLNGSCGSV,CASSERVIGKETQYF,0
FLWLLWPVTLACFVLAAV,CASSSKTSGGAYEQYF,0
FTISVTTEIL,CASSPGGQLNGYTF,0
FVCNLLLLFVTVYSHLLLV,CASSPRAGCNEKLFF,0
FLWLLWPVTLACFVLAAV,CASSKGEEGDTQYF,0
VQPTESIVRFPNITNLCPF,CATKGRDPGEQYF,0
RQLLFVVEV,CSAPRDYSSYEQYF,0
GVAMPNLYK,CASSYAGYGNEQFF,0
APKEIIFLEGETL,CASSILGGYSTDTQYF,0
QECVRGTTVL,CASSLSPESSGNTIYF,0
FLNGSCGSV,CASSLRTHGDEQFF,0
GLEAPFLYLYALVYFLQSINFVRIIMR,CASSYSVVRGLGELFF,0
MGYINVFAFPFTIYSL,CASSYSSRQGEAFF,0
VQPTESIVRFPNITNLCPF,CASSQFRHPDTQYF,0
MGYINVFAFPFTIYSL,CASSRKPGANVLTF,0
FLWLLWPVTLACFVLAAV,CASSLDGTQIYNEQFF,0
RSVASQSIIAYTMSL,CAWSVLAGVRYEQYF,0
HTTDPSFLGRY,CASRHPGVGEKLFF,0
IMLIIFWFSL,CASSLGVLGKETQYF,0
VLWAHGFEL,CASRDFTGLELFF,0
VQPTESIVRFPNITNLCPF,CSVEWDGNQPQHF,0
HTTDPSFLGRY,CASSTKAGQGKCGELFF,0
STQDLFLPFF,CASSSRPSANEQFF,0
YVVDDPCPIHFY,CASSQGLAKKIYNEQFF,0
VLWAHGFEL,CASSLQGFGRGYTF,0
IGAEHVNNSY,CSIWGEEEKLFF,0
APKEIIFLEGETL,CASSFPGATGTDTQYF,0
FLPRVFSAV,CSARDALPSYNEQFF,0
GMEVTPSGTWLTY,CASRRKGETSGFSYNEQFF,0
RNPANNAAIVL,CASSERDRGRYNNEKLFF,0
LSPRWYFYYL,CASSMVTSGHREQFF,0
FLWLLWPVTLACFVLAAV,CASSQEGAGGTYEQYF,0
SELVIGAVIL,CASSVGWEVTQYF,0
FLWLLWPVTLACFVLAAV,CATNSRDYETQYF,0
APKEIIFLEGETL,CASSLEAGGNSGANVLTF,0
APKEIIFLEGETL,CASSLRFSRDRATGYTF,0
VEAEVQIDRLITGR,CAWHPGGQSNQPQHF,0
KLNDLCFTNVYADSFVIR,CASSEGQGAADTQYF,0
YVVDDPCPIHFY,CASGSGKVWDGEHEQYF,0
RIFTIGTVTLK,CASSLGAIRGAYEQYF,0
FLWLLWPVTLACFVLAAV,CAISSDSSQNTF,0
FLNRFTTTL,CASSGTSLRTNVLTF,0
MGYINVFAFPFTIYSL,CASSDQGTVNTEAFF,0
APKEIIFLEGETL,CASSYSISPVGSSEQYF,0
FLCLFLLPSLATV,CASSSYRELNTGELFF,0
MGYINVFAFPFTIYSL,CASSFGDSATEAFF,0
APKEIIFLEGETL,CASSGYTSGTYNEQFF,0
NPLLYDANYFLCW,CASSLGTSGGSTGSRDTQYF,0
APKEIIFLEGETL,CASSPSETRLLSI,0
ALRKVPTDNYITTY,CASSPEDRGRGGYTF,0
FTISVTTEIL,CASRSQTGFSPLHF,0
GLEAPFLYLYALVYFLQSINFVRIIMR,CASSSPHGRFYEQYF,0
SELVIGAVIL,CAISESIFKKNTEAFF,0
KLSYGIATV,CASSRKGTTNEKLFF,0
FLWLLWPVTLACFVLAAV,CAADRGRNTGELFF,0
KLWAQCVQL,CASSAMTGVFSYEQYF,0
HTTDPSFLGRY,CASSGGQGGGSGNTIYF,0
NRDVDTDFVNEFYAY,CASSSGEGWTETQYF,0
FLWLLWPVTLACFVLAAV,CASSVYDRDTEAFF,0
RQLLFVVEV,CSAPREGAGSDSPLHF,0
FLNGSCGSV,CASSLYPRIGNTIYF,0
GLEAPFLYLYALVYFLQSINFVRIIMR,CASGTTSGTSGDTQYF,0
HTTDPSFLGRY,CASSPPTKSSYNEQFF,0
HTTDPSFLGRY,CASSETPHVRGGDRVRISQHF,0
HTTDPSFLGRY,CATSDPRRGNDQPQHF,0
HTTDPSFLGRY,CATRARDRADGYTF,0
HTTDPSFLGRY,CSVRGKSGDTGELFF,0
IMLIIFWFSL,CASSQENWGYNQPQHF,0
STQDLFLPFF,CASRERPFNEKLFF,0
GLEAPFLYLYALVYFLQSINFVRIIMR,CSVEGTTTSNTIYF,0
APKEIIFLEGETL,CASSPQVDEKLFF,0
LEPLVDLPI,CATSPGALSGANVLTF,0
IMLIIFWFSL,CASSFNRVSSYEQYF,0
MGYINVFAFPFTIYSL,CASSSGGTSGGEEQFF,0
LEPLVDLPI,CASSTASGNYEQYF,0
VLWAHGFEL,CASRLGIGNYGYTF,0
RQLLFVVEV,CAWRAPYMNTEAFF,0
KLNVGDYFV,CASSIAPGTSGRGTYEQYF,0
GLEAPFLYLYALVYFLQSINFVRIIMR,CASSDHRIQETQYF,0
APKEIIFLEGETL,CSARDWWRGNAYNEQFF,0
VLWAHGFEL,CASRTGESYTF,0
LEPLVDLPI,CASSPPSGTVNQPQHF,0
HTTDPSFLGRY,CASSYSQTSGTATGELFF,0
HTTDPSFLGRY,CASRKAGAGEKLFF,0
RQLLFVVEV,CASNLGLAGHNEQFF,0
GLEAPFLYLYALVYFLQSINFVRIIMR,CASSIGGYGNTEAFF,0
MGYINVFAFPFTIYSL,CAWSLRGPETQYF,0
VQELYSPIFLIV,CASSIAAVGRESSGANVLTF,0
HTTDPSFLGRY,CASSEGWGLEKLFF,0
FVCNLLLLFVTVYSHLLLV,CASTLSKWGQGPPGQPQHF,0
LEPLVDLPI,CASSPQSRQNNSPLHF,0
RQLLFVVEV,CSARDNLLSTDTQYF,0
KLNDLCFTNVYADSFVIR,CASSYLAGVKNNEQFF,0
FLWLLWPVTLACFVLAAV,CASSVEAVESGVGTGELFF,0
FLPRVFSAV,CASSLAGQSQAFF,0
VLAWLYAAV,CAWSGSSGRTSSTDTQYF,0
LPPAYTNSF,CASSHLREISGNTIYF,0
FLWLLWPVTLACFVLAAV,CSARAGPRRGNYGYTF,0
VLWAHGFEL,CASSQASGSTNEKLFF,0
ALRKVPTDNYITTY,CAAGSEGWSFEQFF,0
VLWAHGFEL,CASSQATRSLSYNEQFF,0
GLEAPFLYLYALVYFLQSINFVRIIMR,CASSAKSRDLGPGNTIYF,0
FVCNLLLLFVTVYSHLLLV,CASSIQGVEAFF,0
KPLEFGATSAAL,CASHSTGNNEQFF,0
LSPRWYFYYL,CASSFNSGNYEQYF,0
APKEIIFLEGETL,CASLVRGRSYNEQFF,0
KLSYGIATV,CASSYKRDNSYNEQFF,0
VLWAHGFEL,CSAPGETYNSPLHF,0
YLDAYNMMI,CSATSRAPEGEQYF,0
VLAWLYAAV,CASSSLEGHPGEQYF,0
APKEIIFLEGETL,CASSPQLGKETQYF,0
FLWLLWPVTLACFVLAAV,CAISDPSGGASLETQYF,0
ILLIIMRTFKVSIWNLDYII,CSVEGRYTDTQYF,0
KLSYGIATV,CASSLGGGGRSYGYTF,0
KAYNVTQAF,GPSLADGYTF,0
HTTDPSFLGRY,CASLLDRSTDTQYF,0
FLNGSCGSV,CASYWQGGEQYF,0
MGYINVFAFPFTIYSL,CASSPFWMYTEAFF,0
KLSYGIATV,CASTPLGPDTQYF,0
MGYINVFAFPFTIYSL,CASSTNRGFLGNTEAFF,0
TSNQVAVLY,CASSYSRTQGAEAFF,0
TVATSRTLSYYK,CASSLVADYTEAFF,0
IPIQASLPF,CASSPFAGLIYEQYF,0
IMLIIFWFSL,CATSRDLSGRLISYEQYF,0
VQPTESIVRFPNITNLCPF,CASRSSGSGETQYF,0
HTTDPSFLGRY,CASTPYEGGGHEQFF,0
HTTDPSFLGRY,CASSRSAGGSEKLFF,0
FLWLLWPVTLACFVLAAV,CAWSKGTGSTETQYF,0
VQPTESIVRFPNITNLCPF,CASGSGVGSEKLFF,0
SYQTQTNSPRRARSVA,CASSFSFRGVDTEAFF,0
VQPTESIVRFPNITNLCPF,CSARGDGGTPNYGYTF,0
MGYINVFAFPFTIYSL,CSAIPGKRGNQPQHF,0
FRYMNSQGL,CSARVQGESPLHF,0
KPLEFGATSAAL,CSASMISTDTQYF,0
RSVASQSIIAYTMSL,CASSTRDSYSPLHF,0
FPPTSFGPL,CASSNRLAEIYNNEQFF,0
FLNGSCGSV,CASSQRSPGDTGELFF,0
SELVIGAVIL,CSARADRGTGYTF,0
MGYINVFAFPFTIYSL,CATRGGPGYTF,0
IMLIIFWFSL,CASSDSPSTGPKDTQYF,0
MGYINVFAFPFTIYSL,CSARDLPWPQHF,0
FLCLFLLPSLATV,CASTSTSHGYTF,0
GLEAPFLYLYALVYFLQSINFVRIIMR,CSANGQRAVETQYF,0
VQELYSPIFLIV,CASSALGQQTRNYF,0
GLEAPFLYLYALVYFLQSINFVRIIMR,CASSLLASGMSYNEQFF,0
LPPAYTNSF,CASSLLAIHEQFF,0
LSPRWYFYYL,CSARITGHGYTF,0
HTTDPSFLGRY,CASSIGTRDEQYF,0
GLEAPFLYLYALVYFLQSINFVRIIMR,CASSQGLGQGFPHNEQFF,0
GLEAPFLYLYALVYFLQSINFVRIIMR,CASSRQGNDYEQYF,0
CALDPLSETK,CASSYGGTGAPGYTF,0
APKEIIFLEGETL,CASSRSVSQHGYTF,0
SELVIGAVIL,CATSRGGGWGTGELFF,0
RARSVSPKLFIR,CASSSLPGGGFETQYF,0
IMLIIFWFSL,CSAWTSGSVNNEQFF,0
VPHVGEIPVAYRKVLL,CASRGSPEQFF,0
GLEAPFLYLYALVYFLQSINFVRIIMR,CAWSAGTARTYGYTF,0
KLSYGIATV,CASRFGQVDTEAFF,0
KLSYGIATV,CAISARGDPNQPQHF,0
FVCNLLLLFVTVYSHLLLV,CASSVGVLNDQPQHF,0
FPPTSFGPL,CASSRIQVQGNTIYF,0
FLPRVFSAV,CASSPRSTGGTARDQPQHF,0
ITEEVGHTDLMAAY,CASTMGLAGGRYEQYF,0
GLEAPFLYLYALVYFLQSINFVRIIMR,CASRGTQKPTDTQYF,0
FLWLLWPVTLACFVLAAV,CASSLRDRGSFSSHNEQFF,0
FVCNLLLLFVTVYSHLLLV,CASSITGQGTLYGYTF,0
SLLLCRMNSRNYIA,CSAGTERTYNEQFF,0
RSVASQSIIAYTMSL,CASSLQPERRIWKETQYF,0
SELVIGAVIL,CASSKVVLAPRTHHKGNPYEQYF,0
APKEIIFLEGETL,CASSRGQSADTQYF,0
GLEAPFLYLYALVYFLQSINFVRIIMR,CASRRDTSGSLGQPQHF,0
VQPTESIVRFPNITNLCPF,CASSRLTRVMNTEAFF,0
HTTDPSFLGRY,CASSPLTHQGGNQPQHF,0
APKEIIFLEGETL,CACPFAGVNNEQFF,0
FLWLLWPVTLACFVLAAV,CASSIDPGQLNEKLFF,0
EEHVQIHTI,CASSWWDRENTEAFF,0
VYYPDKVFRSSVLH,CASSQETDRTLPDTQYF,0
APKEIIFLEGETL,CASSDSKGQGGQETQYF,0
KPFERDISTEIY,CASRWTGVIYEQYF,0
IMLIIFWFSL,CASRVSPTSFSYNEQFF,0
APKEIIFLEGETL,CASSKNRVPAQETQYF,0
KLSYGIATV,CASQDIKRNTDTQYF,0
GLEAPFLYLYALVYFLQSINFVRIIMR,CSVEGEGGYTF,0
APKEIIFLEGETL,CASSPHGVAGLEQFF,0
VLAWLYAAV,CASSSRLEGADEKLFF,0
RQLLFVVEV,CASSSTSITSYNEQFF,0
LSPRWYFYYL,CASSLTVLNTDTQYF,0
LSPRWYFYYL,CASSWILGAGYSNQPQHF,0
LSPRWYFYYL,CASSWSGRGNTGELFF,0
NRDVDTDFVNEFYAY,CSVDRLAGGDEQFF,0
SELVIGAVIL,CATSRDLRTIYNEQFF,0
GLEAPFLYLYALVYFLQSINFVRIIMR,CAGSNQTGEDYGYTF,0
FLWLLWPVTLACFVLAAV,CASRFGRDTYGYTF,0
FAFACPDGVKHVYQL,CASKPGAGISYEQYF,0
KAYNVTQAF,CASELYSYTF,0
FLWLLWPVTLACFVLAAV,CASSGTGGGAYNEQFF,0
KAYNVTQAF,CSPGRRQGNEQFF,0
LSPRWYFYYL,CASSLGFSISTDTQYF,0
YVVDDPCPIHFY,CSAYGPLGGYGYTF,0
KLSYGIATV,CSARPRQLNTEAFF,0
ALRKVPTDNYITTY,CASSLKDRLETQYF,0
VPHVGEIPVAYRKVLL,CASSHYSPQGTYEQYF,0
FVCNLLLLFVTVYSHLLLV,CASSQADYRGAGENEQFF,0
IMLIIFWFSL,CASSLDSTPSGELFF,0
LSPRWYFYYL,CASSAYDGYNTEAFF,0
VPHVGEIPVAYRKVLL,CASSLETVSRGQYF,0
GLEAPFLYLYALVYFLQSINFVRIIMR,CASSPSGQAWTEKLFF,0
HTTDPSFLGRY,CSARLATQYF,0
ILHCANFNV,CASSQVPFEEGSTDTQYF,0
VQPTESIVRFPNITNLCPF,CSAIGVGMGKNIQYF,0
NRDVDTDFVNEFYAY,CASSLAQGYGYGYTF,0
FLWLLWPVTLACFVLAAV,CASSEPAGVPYNEQFF,0
IMLIIFWFSL,CASSQSPGQGISQPQHF,0
GLEAPFLYLYALVYFLQSINFVRIIMR,CASSRTGGNEPQHF,0
KPLEFGATSAAL,CASSQDGLVAQYF,0
FLNGSCGSV,CASSYGQGARISGANVLTF,0
KLSYGIATV,CASSLSLRDTEAFF,0
VLWAHGFEL,CASSYPLRTRHEQFF,0
IMLIIFWFSL,CASSPQGNPETQYF,0
IMLIIFWFSL,CASSHKIGGTYGYTF,0
FLWLLWPVTLACFVLAAV,CASSQPPGQDVSYGYTF,0
FLWLLWPVTLACFVLAAV,CSAKDLRDTEAFF,0
HTTDPSFLGRY,CATSSEQGLRGYTF,0
SELVIGAVIL,CASSPPSGTSGEETQYF,0
MGYINVFAFPFTIYSL,CASSQFESGRSYEQYF,0
KPFERDISTEIY,CSVLNGTQYF,0
FLPRVFSAV,CATSDLWTDSNEQFF,0
KLWAQCVQL,CASSPNELTGTAGNTIYF,0
FLWLLWPVTLACFVLAAV,CASSFGGTSGPNEQFF,0
RQLLFVVEV,CSARSRDKNTLGYEQYF,0
VEAEVQIDRLITGR,CAWNGRGIRETQYF,0
VQPTESIVRFPNITNLCPF,CASSQDYGRGLSPLHF,0
VPHVGEIPVAYRKVLL,CSASSRREGRYEQYF,0
KLNDLCFTNVYADSFVIR,CASTMGHSSYEQYF,0
KLSYGIATV,CASSVDSTVVLEAFF,0
FLWLLWPVTLACFVLAAV,CASSIGVREGSTHNEQFF,0
RIFTIGTVTLK,CASSLAPGAGANVLTF,0
GTHWFVTQR,CASRISDNQPQHF,0
FLWLLWPVTLACFVLAAV,CASSLDPRGIGYEKLFF,0
LSPRWYFYYL,CASSLAGQVVNEQFF,0
IMLIIFWFSL,CSARDGGEVEETQYF,0
GLEAPFLYLYALVYFLQSINFVRIIMR,CASTMGGAGELFF,0
FLWLLWPVTLACFVLAAV,CSVRIGHSTDTQYF,0
KLNVGDYFV,CASRSTSKGLGSYEQFF,0
LSPRWYFYYL,CASSTREGTGANVLTF,0
KLSYGIATV,CASSIDVSTNQPQHF,0
APKEIIFLEGETL,CATMPSGRVFF,0
HTTDPSFLGRY,CASSQREGFYNEQFF,0
VQELYSPIFLIV,CASSLFSGGSGGKPYNEQFF,0
RIFTIGTVTLK,CARDGQGNTGELFF,0
FLNGSCGSV,CASSLYKTGELFF,0
VQPTESIVRFPNITNLCPF,CSARIPSYYGYTF,0
HTTDPSFLGRY,CASSSDRESGSLYFYNEQFF,0
HTTDPSFLGRY,CASSNKQGFETQYF,0
HTTDPSFLGRY,CASSPHGTNEKLFF,0
HTTDPSFLGRY,CSARDGGGFFSYNEQFF,0
HTTDPSFLGRY,CAITGQGREQYF,0
HTTDPSFLGRY,CATSDVRGVAGELFF,0
HTTDPSFLGRY,CSARVGGRAVNEQFF,0
HTTDPSFLGRY,CASSFESPEAFF,0
HTTDPSFLGRY,CASSLRAGSSSYNEQFF,0
STQDLFLPFF,CASSQSLPFHCSPLHF,0
HTTDPSFLGRY,CASSQDGRVPENTEAFF,0
IMLIIFWFSL,CASSLGLGTRETQYF,0
HTTDPSFLGRY,CASSKGHGEPGNTIYF,0
HTTDPSFLGRY,CSASSSGSTRETQYF,0
HTTDPSFLGRY,CASSQYRTSILYGYTF,0
YLDAYNMMI,CAWSAGFMGNTIYF,0
MDLFMRIFTI,CSARSRAGNQETQYF,0
HTTDPSFLGRY,CASSRGEGQLAEKLFF,0
HTTDPSFLGRY,CSAQRVQLVTDTQYF,0
HTTDPSFLGRY,CATRRGLAGSEQYF,0
HTTDPSFLGRY,CASSVQGVLNEKLFF,0
HTTDPSFLGRY,CASSQPPASYEQYF,0
HTTDPSFLGRY,CAISPDLLSGNTIYF,0
HTTDPSFLGRY,CAVPGTGRYEQYF,0
YLDAYNMMI,CASSVAGGGSNTEAFF,0
MGYINVFAFPFTIYSL,CASSFTGGSNNEQFF,0
MGYINVFAFPFTIYSL,CASSLDNRLGQFF,0
FLWLLWPVTLACFVLAAV,CASSQVEKGAAFF,0
FLWLLWPVTLACFVLAAV,CSAQRFRVEDYEQYF,0
FLWLLWPVTLACFVLAAV,CASRIFLFPQPSNYGYTF,0
HTTDPSFLGRY,CASSQDLGDGNEQYF,0
FLWLLWPVTLACFVLAAV,CASSLWGGRYEKGLHF,0
HTTDPSFLGRY,CAVHGLRYNSPLHF,0
YVFCTVNAL,CASSGDHPVYGYTF,0
VLWAHGFEL,CATSSWTSGEETQYF,0
IMLIIFWFSL,CASRTTSVNEKLFF,0
MGYINVFAFPFTIYSL,CASSVAPGLAGSPKGTDTQYF,0
IMLIIFWFSL,CASRRDRGFQPQHF,0
FVCNLLLLFVTVYSHLLLV,CASSIGQNRFYGYTF,0
ILLIIMRTFKVSIWNLDYII,CAWIQGVPFF,0
ILLIIMRTFKVSIWNLDYII,CASSFGPTETAKNIQYF,0
LSPRWYFYYL,CSAMTSLDTQYF,0
KLSYGIATV,CSVSGQGSGGYTF,0
VPHVGEIPVAYRKVLL,CASSQVGPGQGTYEQYF,0
LEPLVDLPI,CASSHASGREYEQYF,0
SYFIASFRLFA,CASSFVWSGPSYNEQFF,0
FVCNLLLLFVTVYSHLLLV,CASSQATAGRPQHF,0
FVCNLLLLFVTVYSHLLLV,CASSQEHLSIGELFF,0
FLWLLWPVTLACFVLAAV,CASSELRPSGLALHF,0
HTDFSSEIIGY,CASIQAGLAGGDSYEQYF,0
VEAEVQIDRLITGR,CAISALTGRDGTEAFF,0
STDTGVEHVTFFIYNK,CASSQQGQKAATNEKLFF,0
GYQPYRVVVLSF,CASSYSSLVNGYGYTF,0
HTTDPSFLGRY,CASSKRAAPYEQYF,0
ILLIIMRTFKVSIWNLDYII,CASQRGPSSYNEQFF,0
HTTDPSFLGRY,CSVLLEKLFF,0
TPINLVRDL,CASSQFTQTGSYGYTF,0
KLSYGIATV,CASSLYEEGNEQFF,0
YEGNSPFHPL,CSARGFGEGLRKTQYF,0
HTTDPSFLGRY,CASRVKEQYF,0
FLWLLWPVTLACFVLAAV,CASSEALTGVNEKLFF,0
FLNGSCGSV,CASDWDRSSYNEQFF,0
FVCNLLLLFVTVYSHLLLV,EATF,0
KAYNVTQAF,PCGAEAFF,0
IMLIIFWFSL,CSARRDLASNTGELFF,0
FLWLLWPVTLACFVLAAV,CASSLQDRVSSYTF,0
MGYINVFAFPFTIYSL,CASSLEPFRDTTSGANVLTF,0
VLWAHGFEL,CASSLVGVGDYEQYF,0
GMEVTPSGTWLTY,CASSESVGREGYEQYF,0
FVCNLLLLFVTVYSHLLLV,CASSVSGGMNTQYF,0
KLWAQCVQL,CSARLAGESYEQYF,0
NYIAQVDVVNFNL,CASSPFSPSLNTGELFF,0
NPLLYDANYFLCW,CASSQDLPIGQPQHF,0
APKEIIFLEGETL,CATSDLQQGIGELFF,0
NPLLYDANYFLCW,CASSWGRQGSGANVLTF,0
SETKCTLKSFTVEK,RASSLRGWVAGTSLAKNIQYF,0
MGYINVFAFPFTIYSL,CASSYSRGLAAPDTQYF,0
HTTDPSFLGRY,CASRPGGTKAFYGYTF,0
GLEAPFLYLYALVYFLQSINFVRIIMR,CSARDLAGGSRGELFF,0
MGYINVFAFPFTIYSL,CASSQELGGPRTGELFF,0
FVCNLLLLFVTVYSHLLLV,CSARDTSVPTYEQYF,0
HTTDPSFLGRY,CAIRKPSGGLSYNEQFF,0
HTTDPSFLGRY,CASSLASWTGELFF,0
KLSYGIATV,CASSLIRGGVEAFF,0
SYQTQTNSPRRARSVA,CAISESILGYTF,0
VQPTESIVRFPNITNLCPF,CASSFSRSSTDTQYF,0
FLNGSCGSV,CSARSGQGETDTQYF,0
HTTDPSFLGRY,CASSFVHSGGETQYF,0
IMLIIFWFSL,CSVDRPGTKGVTIYF,0
FVCNLLLLFVTVYSHLLLV,CSARGAPGGSSYEQYF,0
RQLLFVVEV,CSAPGPSNEQFF,0
SEVGPEHSLAEY,CASSLSGAGRGTRDTQYF,0
VPHVGEIPVAYRKVLL,CSAVQGSVLVIQPQHF,0
LSPRWYFYYL,CSASARGLAGGPRRNEQFF,0
LSPRWYFYYL,CASPVEGPRKRRSNQPQHF,0
HTTDPSFLGRY,CASSLTRDSYNSPLHF,0
LSPRWYFYYL,CASSQPEWLAGGPHTGELFF,0
LSPRWYFYYL,CASSPALMEQYF,0
APKEIIFLEGETL,CASSPTGRRGDTIYF,0
VQPTESIVRFPNITNLCPF,CSSSGQGSEQYF,0
VQELYSPIFLIV,CASSIASGRRTGELFF,0
TPINLVRDL,CATSDATNFYGYTF,0
FLWLLWPVTLACFVLAAV,CASSFTSINTEAFF,0
LSPRWYFYYL,CSVGVGDSYGYTF,0
LSPRWYFYYL,CASSLLAGRGSTNEKLFF,0
MGYINVFAFPFTIYSL,CASSEAGSQGGYTF,0
FLWLLWPVTLACFVLAAV,CAIGRVGELFF,0
HTTDPSFLGRY,CSASPTSWGQETQYF,0
TVYDPLQPELDSFK,CASSQVGRSKKGGTF,0
LSPRWYFYYL,CASTRLAAGNEQFF,0
MGYINVFAFPFTIYSL,CASIGGRSPYEQYF,0
KLNVGDYFV,CASRHYRPGTAYNEQFF,0
FVCNLLLLFVTVYSHLLLV,CASSTLSLAGYSGANVLTF,0
LSPRWYFYYL,CATRRTGGYNEQFF,0
KLSYGIATV,CASSPTTGTGVDYTF,0
EEHVQIHTI,CASSIEHARGNSVCTQYF,0
KLSYGIATV,CASSVRRSGGITDTQYF,0
IPIGAGICASY,CASKSWENIQYF,0
GLEAPFLYLYALVYFLQSINFVRIIMR,CSARDSETIQETQYF,0
FLWLLWPVTLACFVLAAV,CASGSGTGGPEKLFF,0
MGYINVFAFPFTIYSL,CSARGSLQGPLYGYTF,0
HTTDPSFLGRY,CATERGQGGYEQYF,0
KLNDLCFTNVYADSFVIR,CATSPNPGTYGETQYF,0
FVCNLLLLFVTVYSHLLLV,CASSIDPLNQPQHF,0
ILLIIMRTFKVSIWNLDYII,CASSRVARVNEKLFF,0
MGYINVFAFPFTIYSL,CASIDLSTDTQYF,0
KPLEFGATSAAL,CASSEMRGQGGPDTQYF,0
KPLEFGATSAAL,CASSLMINRSLHF,0
RNPANNAAIVL,CASSIGAGDRFNEQFF,0
LSPRWYFYYL,CATERADGNTEAFF,0
VQELYSPIFLIV,CASQESMKPGELFF,0
HTTDPSFLGRY,CASSQTGPAGDEQYF,0
HTTDPSFLGRY,CASSPPTGGRPDYGYTF,0
KMKDLSPRW,CASTETSGTPEQYF,0
HTTDPSFLGRY,CASSYGQGLGREQYF,0
HTTDPSFLGRY,CASRRQGAGDYGYTF,0
HTTDPSFLGRY,CASSRDRLLSYEQYF,0
HTTDPSFLGRY,CFEGGISRDGYTF,0
VLWAHGFEL,CASTSDVGELFF,0
SEVGPEHSLAEY,CSARKYNTGVEAFF,0
SEVGPEHSLAEY,CATKRGQGVAGNTIYF,0
KAYNVTQAF,CASSYSGGGGIQYF,0
HTTDPSFLGRY,CAWSVGIQDTQYF,0
HTTDPSFLGRY,CASSQVPAGGPKDNEQFF,0
HTTDPSFLGRY,CASSQTQGVETQYF,0
HTDFSSEIIGY,CASSFDGGLDYEQYF,0
HTTDPSFLGRY,CAWAHGRASTDTQYF,0
FLNGSCGSV,CSVVAGRGNTIYF,0
HTTDPSFLGRY,CASSQTGQGAVGYTF,0
HTTDPSFLGRY,CASRDRGQGREKLFF,0
NRDVDTDFVNEFYAY,CAVDRGPGYTF,0
FLPRVFSAV,CASLTGQGGGYTF,0
HTTDPSFLGRY,CASSPTIGQGGDEQYF,0
NPLLYDANYFLCW,CSARGEGNPYEQYF,0
VPHVGEIPVAYRKVLL,CASSFGTSGRPDEQYF,0
KLSYGIATV,CASSLMPQQGYEQYF,0
FLWLLWPVTLACFVLAAV,CASTERQGVSEAFF,0
KAYNVTQAF,CSAPLAVTHNEQFF,0
IGAEHVNNSY,CASSKGRLLSGRALNTGELFF,0
FLPRVFSAV,CASSPTYIGVGTQYF,0
MGYINVFAFPFTIYSL,CSGSRNEQFF,0
KLSYGIATV,CASSLATQGNTGELFF,0
KPLEFGATSAAL,CASSLYEGGLNEQFF,0
FLWLLWPVTLACFVLAAV,CATARWDRANSPLHF,0
FTISVTTEIL,CASSLVVSSGKQETQYF,0
IMLIIFWFSL,CASSVGAPGEEYF,0
KLSYGIATV,CGWEPLFF,0
FLNGSCGSV,CASSPTGTEGEQFF,0
GMEVTPSGTWLTY,CASNTGLAGGSEQFF,0
LSPRWYFYYL,CASSQPYNEKLFF,0
SETKCTLKSFTVEK,CASSYATGASYEQYF,0
FPPTSFGPL,CSVEYPYSGNTIYF,0
ITEEVGHTDLMAAY,CSAIGQGKAVHPRGAFF,0
FLWLLWPVTLACFVLAAV,CASSFRAFQEAFF,0
GLEAPFLYLYALVYFLQSINFVRIIMR,CASSPGGKFYEQYF,0
LSPRWYFYYL,CASSLVGLSTGADTGELFF,0
GMEVTPSGTWLTY,CASSFRQGWHEQYF,0
IGAEHVNNSY,CASSPTGQQATEAFF,0
APKEIIFLEGETL,CASSYSIPGTSSYNEQFF,0
IGAEHVNNSY,CASSVGRDRSYEQYF,0
RQLLFVVEV,CASSLNPENTIYF,0
MGYINVFAFPFTIYSL,CSARHRGRFGQGAFF,0
LSPRWYFYYL,CSAENGELFF,0
MGYINVFAFPFTIYSL,CSATSGTGSYNEQFF,0
VQPTESIVRFPNITNLCPF,CSADGGASPYEQYF,0
KLSYGIATV,CSAWIGLELYNEQFF,0
IMLIIFWFSL,CAWSVTVAGIHEQYF,0
GSFCTQLNR,CASSPGTATQTILGYTF,0
FLNGSCGSV,CASSFQLTTDTQYF,0
VPHVGEIPVAYRKVLL,CASSLEGLAGGWTDTQYF,0
FLWLLWPVTLACFVLAAV,CATSEGRFSGNTIYF,0
FLPRVFSAV,CASSLTGPPATDTQYF,0
YLDAYNMMI,CASSGLAGGTGTDTQYF,0
VQPTESIVRFPNITNLCPF,CASRRRVQPTNTEAFF,0
LEPLVDLPI,CASNPRLAVAYEQYF,0
APKEIIFLEGETL,CASIKGSSYEQYF,0
HTTDPSFLGRY,CASSGKEGPYGYTF,0
ILHCANFNV,CASSVASTPRQEGEKLFF,0
HTTDPSFLGRY,CSASVWGQGALGSDYEQYF,0
HTTDPSFLGRY,CASSPLGLAGEGTDTQYF,0
HTTDPSFLGRY,CASKLNTDGVQVQYF,0
FPPTSFGPL,CATNHAGGGNEQFF,0
KPLEFGATSAAL,CASDREPVSYGYTF,0
HTTDPSFLGRY,CASSRQGDGSPLHF,0
RQLLFVVEV,CASSEKGKGAKAFF,0
KPLEFGATSAAL,CASSPRDLFTSGANVLTF,0
IMLIIFWFSL,CASSATRTGGYEQYF,0
RQLLFVVEV,CSARQLTNEQFF,0
KAYNVTQAF,CASSIFQRGRDLETQYF,0
HTTDPSFLGRY,CASSVNPQGFDTDTQYF,0
FLPFFSNVTWFHAI,CSASWRDQPQHF,0
HTTDPSFLGRY,CSAYMGAATYEQYF,0
FLWLLWPVTLACFVLAAV,CASSQVTGGARNNEQFF,0
FVCNLLLLFVTVYSHLLLV,CASSSKWVELNTGELFF,0
KLSYGIATV,CSAPRGTSGAYNEQFF,0
HTTDPSFLGRY,CASSEMAAQETQYF,0
HTTDPSFLGRY,CSAIEALNSYEQYF,0
GLEAPFLYLYALVYFLQSINFVRIIMR,CSARGLPGYEQFF,0
GMEVTPSGTWLTY,CASGEESYNSPLHF,0
RQLLFVVEV,CASTKEGQGNQPQHF,0
GMEVTPSGTWLTY,CAWTTTVNSPLHF,0
HTTDPSFLGRY,CASRIRPGFQDTYSNQPQHF,0
APKEIIFLEGETL,CASSLGLGGAYQPQHF,0
FLWLLWPVTLACFVLAAV,CASSPPPADNEQFF,0
STDTGVEHVTFFIYNK,CASGPRGANSPLHF,0
ILLIIMRTFKVSIWNLDYII,CASSLGTALWYGYTF,0
GLEAPFLYLYALVYFLQSINFVRIIMR,CASSPDREVEETQYF,0
MGYINVFAFPFTIYSL,CASSTRMAYEQYF,0
HTTDPSFLGRY,CAGPMRNYGYTF,0
FLWLLWPVTLACFVLAAV,CASSLEGEDTIYF,0
TVATSRTLSYYK,CASGLGTGTHQETQYF,0
HTTDPSFLGRY,CARSLAHEQFF,0
LSPRWYFYYL,CASSSLLTGRNTEAFF,0
FLCLFLLPSLATV,CASSYSRIAGAEINKNIQYF,0
KLSYGIATV,CASSLGRDLQETQYF,0
KAYNVTQAF,CSARDAGLVGF,0
VQELYSPIFLIV,CASSVSRGAEQFF,0
IPIGAGICASY,CASSIREVPYEQYF,0
APKEIIFLEGETL,CSAQGGQLSTNYGYTF,0
FLWLLWPVTLACFVLAAV,CASRKLQGYQETQYF,0
VQPTESIVRFPNITNLCPF,CASSLITEPGGSGNTIYF,0
RQLLFVVEV,CASSQDDLGPLNTEAFF,0
LSPRWYFYYL,CASSYKAVKEFF,0
HTTDPSFLGRY,CASSLASGRIAGVWEQYF,0
IMLIIFWFSL,CASVGNGANVLTF,0
ITEEVGHTDLMAAY,CSATEAGGTVSNYGYTF,0
MDLFMRIFTI,CASSHSTLGADTQYF,0
FLNGSCGSV,CASSLDPAGVYNEQFF,0
APKEIIFLEGETL,CASSPLLDSAETQYF,0
SMWSFNPETNIL,CASREGWTFEAFF,0
LSPRWYFYYL,CASTLPGVGQRNTEAFF,0
SLVKPSFYV,CASSDRGTGGDFREKLFF,0
IMLIIFWFSL,CASRRTDGDTEAFF,0
IMLIIFWFSL,CASSWADRAYGYTF,0
FLWLLWPVTLACFVLAAV,CASSRDRGGPLSGNTIYF,0
STDTGVEHVTFFIYNK,CASSYSEAFTYEQYF,0
IMLIIFWFSL,CASRLADGYEQYF,0
IMLIIFWFSL,CASSLPTGAAKNIQYF,0
LSPRWYFYYL,CASGLIRGQGVLAGLGSTDTQYF,0
HTTDPSFLGRY,CASSRPTGVLNNEQFF,0
HTTDPSFLGRY,CASSAPGGVTDGYTF,0
HTTDPSFLGRY,CASSSPPGAAGGYTF,0
LSPRWYFYYL,CATSDLTGTVDNSPLHF,0
FLNGSCGSV,CASSSGDRVSGETQYF,0
HTTDPSFLGRY,CSAKDTVGNQPQHF,0
HTTDPSFLGRY,CASSPPGLAGGIYEQFF,0
HTTDPSFLGRY,CASSPGSTYGNTIYF,0
FLWLLWPVTLACFVLAAV,CASSKPGGPIDEQYF,0
LSPRWYFYYL,CASSFSPRNREQFF,0
LSPRWYFYYL,CASSAPVRGSSWAKNIQYF,0
LSPRWYFYYL,CASSYGAGVSADTQYF,0
HTTDPSFLGRY,CASSLGVHKQYF,0
LSPRWYFYYL,CATSDLFGPLGGADTQYF,0
HTTDPSFLGRY,CASSPYLGDRGNEQYF,0
KLSYGIATV,CASSLGLWDITPTEQYF,0
LSPRWYFYYL,CASSVVGQGGHNEQFF,0
LSPRWYFYYL,CASRTTVGPTDGDYGYTF,0
IMLIIFWFSL,CASSPKPGGHSRFQTQYF,0
FLNGSCGSV,CASSPTSGRPNTGELFF,0
SYFIASFRLFA,CASTSSTDRGFYEQYF,0
HTTDPSFLGRY,CASSFREILSNQPQHF,0
HTTDPSFLGRY,CASSVVSGERWRRNEQFF,0
IPYNSVTSSI,CATNLGRGGETQYF,0
MGYINVFAFPFTIYSL,CSAPSGLVPGELFF,0
VYSSANNCTFEY,CASSQRTSGGGPDTQYF,0
LSPRWYFYYL,CASSLSAQRSYNSPLHF,0
GLEAPFLYLYALVYFLQSINFVRIIMR,CASKAGVFYEQYF,0
GLEAPFLYLYALVYFLQSINFVRIIMR,CANSWGTFSSGNTIYF,0
HTTDPSFLGRY,CSVGRGRNYEQYF,0
RSVASQSIIAYTMSL,CASSLGDTSKTIYF,0
FLNGSCGSV,CASSQERLAGGPGDIQYF,0
ALRKVPTDNYITTY,CASSSPTTATGNTIYF,0
KAYNVTQAF,CASSLSGAGGQETQYF,0
MGYINVFAFPFTIYSL,CASSRSAGTDRLGTEAFF,0
HTTDPSFLGRY,CAWLRQGLRSPLHF,0
ALRKVPTDNYITTY,CASSPGGTSGSGKTQYF,0
FLPRVFSAV,CASSFGTAGSEAFF,0
GLEAPFLYLYALVYFLQSINFVRIIMR,CASSRSPRGVITDTQYF,0
GLEAPFLYLYALVYFLQSINFVRIIMR,CSARTSGIYSSYEQYF,0
FLNGSCGSV,CASSFQGGFQPQHF,0
VPHVGEIPVAYRKVLL,CASSHRASGRALGQETQYF,0
FLPRVFSAV,CSVEYQGRLPGNTIYF,0
KEIDRLNEV,CSAKGFQAELGYEQYF,0
HTTDPSFLGRY,CASSGGPTTGLDTQYF,0
FPPTSFGPL,CSARANSGPYEQYF,0
SEPVLKGVKL,CATSRERRWYQPQHF,0
HTTDPSFLGRY,CASSLGPGPNRAGNTIYF,0
FLWLLWPVTLACFVLAAV,CASSYFRDLSEKLFF,0
ILHCANFNV,CAWSPAGQIYEQYF,0
APKEIIFLEGETL,CASRGGGLAAYEQYF,0
RQLLFVVEV,CASLGVNEPPQHF,0
LSPRWYFYYL,CASSDVAASDEQFF,0
MGYINVFAFPFTIYSL,CSARDRTGGSPEAFF,0
VQPTESIVRFPNITNLCPF,CASSERATSSGTQYF,0
HTTDPSFLGRY,CASSLGTTLGKLFF,0
FLNGSCGSV,CASSIRVIYEQYF,0
RQLLFVVEV,CASSRGSYDYEQYF,0
FLNGSCGSV,CASRWMGTEAFF,0
MGYINVFAFPFTIYSL,CASSALPGLAGGRTGDEQFF,0
IMLIIFWFSL,CASSSDRTANSNQPQHF,0
IQYIDIGNY,CASSRSPGLAGGPDTGELFF,0
SMWSFNPETNIL,CASSQARPGEQYF,0
ILLIIMRTFKVSIWNLDYII,CASSQERAYSYNEQFF,0
IMLIIFWFSL,CASSRSDLAGRFRDTQYF,0
HTTDPSFLGRY,CASSSTGVQDQPQHF,0
KLWAQCVQL,CASSHGSGNEQYF,0
HTTDPSFLGRY,CASKARGELFTGELFF,0
YEGNSPFHPL,CATSRPSQGNEQFF,0
SELVIGAVIL,CASSSTGLLFMEAFF,0
VPHVGEIPVAYRKVLL,CASSLGQGHYYGYTF,0
VQPTESIVRFPNITNLCPF,CASSDWTENTEAFF,0
HTTDPSFLGRY,CSASTVRQLQPQHF,0
FLPRVFSAV,CASKFRTESLLYYGYTF,0
RQLLFVVEV,CASSLSREGNYGYTF,0
SELVIGAVIL,CASSQDFVYEQYF,0
FLWLLWPVTLACFVLAAV,CAWSVQETNYGYTF,0
FLWLLWPVTLACFVLAAV,CASSNLGTGGVEAFF,0
HTTDPSFLGRY,CASSFRGQDKNIQYF,0
HTTDPSFLGRY,CASSLERVRRYTF,0
FVCNLLLLFVTVYSHLLLV,CASSAHRKDTQYF,0
FLNGSCGSV,CASSPRTLDSSNYGYTF,0
FLNGSCGSV,CASSLGGGTTTGELFF,0
FPPTSFGPL,CASKPCQGQPQETQYF,0
AQFAPSASAFFGMSR,CATHEGTSGRALDETQYF,0
KLSYGIATV,CASSQDRYNMGGYGYTF,0
HTTDPSFLGRY,CATSRARTGSQIKANVLTF,0
IPIQASLPF,CSASPRVGYEKLFF,0
FPPTSFGPL,CASSLQGAPRDYTF,0
HTTDPSFLGRY,CASSVESEVQPQHF,0
RNPANNAAIVL,CASSSPRTQSTDTQYF,0
ILHCANFNV,CASKRGVGSYNEQFF,0
NMLRIMASL,CASSPTRQYQPQHF,0
QECVRGTTVL,CASSQPGHYTGANVLTF,0
LSPRWYFYYL,CASSIRTGSDSPLHF,0
IMLIIFWFSL,CASRGRDRGRTEAFF,0
SYQTQTNSPRRARSVA,CSARDIRNDEKLFF,0
VPHVGEIPVAYRKVLL,CASSRKQGAPYEQYF,0
VPHVGEIPVAYRKVLL,CAISESIASGRVGEQFF,0
VEAEVQIDRLITGR,CASSFPSHQETQYF,0
SEVGPEHSLAEY,CSGFGTDSGNTIYF,0
RSVASQSIIAYTMSL,CASSQGVRQGAYEQYF,0
FPPTSFGPL,CASSLHGSGGGTEAFF,0
HTTDPSFLGRY,CAISASGTGANVLTF,0
HTTDPSFLGRY,CASSTSKGGDRTRRVNAYEQYF,0
KLNDLCFTNVYADSFVIR,CSSSGGSQLETQYF,0
FPPTSFGPL,CASSPSGQLIYEQYF,0
KAYNVTQAF,CASSYRNRGFIEKLFF,0
HTTDPSFLGRY,CASWRQFTGANVLTF,0
LSPRWYFYYL,CATSRGGVQRYTF,0
VEAEVQIDRLITGR,CASSQERAVRYNSPLHF,0
HTTDPSFLGRY,CASSFIVATGAWFGNTEAFF,0
IMLIIFWFSL,CASSFESAYEKLFF,0
FLNGSCGSV,CSARARQALYNEQFF,0
HTTDPSFLGRY,CASSTDSRSVTGELFF,0
FLNGSCGSV,CSASSTGLYGYTF,0
FLNGSCGSV,CAISEAPGRRGYGYTF,0
HTTDPSFLGRY,CAIGFRDRGYEQYF,0
IMLIIFWFSL,CASSFRTSGSPTTQYF,0
FLWLLWPVTLACFVLAAV,CATSDRDIPRGEQFF,0
RSVASQSIIAYTMSL,CASSHPGYNYNEQFF,0
MGYINVFAFPFTIYSL,CSANVGTSGYNEQFF,0
HTTDPSFLGRY,CASSRDIDTNQPQHF,0
HTTDPSFLGRY,PHEGTSGANQETQYF,0
FLWLLWPVTLACFVLAAV,CSAPGLATKNEQFF,0
YEGNSPFHPL,CAWGQGHLQPQHF,0
NRDVDTDFVNEFYAY,CASSLPGSEPYEQYF,0
GLEAPFLYLYALVYFLQSINFVRIIMR,CASSFQRPYGYTF,0
GLEAPFLYLYALVYFLQSINFVRIIMR,CADQTERLSYEQYF,0
HTTDPSFLGRY,CASSDKGQGNNEQFF,0
VQELYSPIFLIV,CATGQGLTPLHF,0
KAYNVTQAF,CSATDRGKLSYEQYF,0
IMLIIFWFSL,CASSPNFGARQPQHF,0
GMEVTPSGTWLTY,CASSIVARQGVFSPLHF,0
GLEAPFLYLYALVYFLQSINFVRIIMR,CATAGEQNTEAFF,0
KMKDLSPRW,CASSENQRIEAFF,0
HTTDPSFLGRY,CASSRWTGGFGNTIYF,0
HTTDPSFLGRY,CASRDDRTSGSIYEQFF,0
GLEAPFLYLYALVYFLQSINFVRIIMR,CSAAWDYGYTF,0
IMLIIFWFSL,CSNTPSSYEQYF,0
VQPTESIVRFPNITNLCPF,CASSLRQAIYEQYF,0
GLEAPFLYLYALVYFLQSINFVRIIMR,CASSLWTGIDDYGYTF,0
LSPRWYFYYL,CASSLFGQFYNEQFF,0
GLEAPFLYLYALVYFLQSINFVRIIMR,CASSQGRTGVNSPLHF,0
NRDVDTDFVNEFYAY,CASKLTKTGNQPQHF,0
IMLIIFWFSL,CASSYSPAGRGEQYF,0
RQLLFVVEV,CASYAGNTDTQYF,0
GLEAPFLYLYALVYFLQSINFVRIIMR,CASSLTDSGGQDGYTF,0
HTTDPSFLGRY,CASGLWQTEQYF,0
FLWLLWPVTLACFVLAAV,CASSEWAGSGQPQHF,0
MGYINVFAFPFTIYSL,CASSQPPGTGQEAQYF,0
IMLIIFWFSL,CASSTWDRGPKDTQYF,0
IMLIIFWFSL,CASSVDPTGGGETQYF,0
MGYINVFAFPFTIYSL,CASSQAFVGNYEQYF,0
HTTDPSFLGRY,CASSQEHGGYNSPLHF,0
GLEAPFLYLYALVYFLQSINFVRIIMR,CASSPMVRGRSSYNEQFF,0
GLEAPFLYLYALVYFLQSINFVRIIMR,CASSVTEVDEQYF,0
GLEAPFLYLYALVYFLQSINFVRIIMR,CASSMTSGGQTQYF,0
ALLADKFPV,CASSLLRDPRLMNTEAFF,0
HTTDPSFLGRY,CASSPGQVYLRYEQYF,0
IMLIIFWFSL,CSATSGGAMDEQFF,0
KLSYGIATV,CSAREQGIGKNIQYF,0
SELVIGAVIL,CATSDLQGEGNIGELFF,0
APKEIIFLEGETL,CSARRLYGTGGTYGYTF,0
VPHVGEIPVAYRKVLL,CASSPGVRTVEEGSYEQYF,0
MGYINVFAFPFTIYSL,CAWSVRTGVLYGYTF,0
GMEVTPSGTWLTY,CTSSLRGACSYNEQFF,0
SEVGPEHSLAEY,CASSLARYGGPGTEAFF,0
IMLIIFWFSL,CASSFQVLNEKLFF,0
ILHCANFNV,CASSRWAGTYQETQYF,0
ILLIIMRTFKVSIWNLDYII,CASRSGAELFF,0
RSVASQSIIAYTMSL,CASTHAAGHSTDAQYF,0
FLNGSCGSV,CSARGKGDRAEAFF,0
LSPRWYFYYL,CSVGEGSGYAF,0
ALRKVPTDNYITTY,CASSITQGNQPQHF,0
KLWAQCVQL,CASSNYRGKNEKLFF,0
FLNGSCGSV,CASSFVGAIGYTF,0
GMEVTPSGTWLTY,CASSLWGDRTGNTIYF,0
VLWAHGFEL,CASGQTYEAFF,0
KAYNVTQAF,CASSYSIGGMTDTQYF,0
KLWAQCVQL,CASSLALVGQGEPFF,0
MGYINVFAFPFTIYSL,CASSQDRLKSPLHF,0
LVLSVNPYV,CASSPFSDRGSREQYF,0
FLNGSCGSV,CASSQQGGSETQYF,0
FLWLLWPVTLACFVLAAV,CASSLAAGLAVNEQFF,0
VLWAHGFEL,CASSYLTQYTGELFF,0
GLEAPFLYLYALVYFLQSINFVRIIMR,CATSRDKGVTFMNTEAFF,0
SELVIGAVIL,CSARASGGSWDTQYF,0
HTTDPSFLGRY,CSVVRERSYEQYF,0
HTTDPSFLGRY,CASSFYTRTDTQYF,0
FPQSAPHGVVF,CASSSFGEGDYTEAFF,0
ILGLPTQTV,CASRPRTGLDSPLHF,0
FLPRVFSAV,CASSEGDAVGSPLHF,0
IMLIIFWFSL,CATTRARDTEAFF,0
FVCNLLLLFVTVYSHLLLV,CASSFNLAQGKFEAFF,0
FVCNLLLLFVTVYSHLLLV,CASRHGRLRTDTQYF,0
APKEIIFLEGETL,CSVELANYNEQFF,0
GLEAPFLYLYALVYFLQSINFVRIIMR,CASSAGARELFF,0
GTHWFVTQR,CSVERPGGGDTQYF,0
VQELYSPIFLIV,CASSQAGTSSADTQYF,0
FLWLLWPVTLACFVLAAV,CASSIDTVSYNEQFF,0
VLWAHGFEL,CASSSQSNREDYGYTF,0
KLSYGIATV,CASSELKRQRGGSEYF,0
IMLIIFWFSL,CASSRGRGTYATNEKLFF,0
FLWLLWPVTLACFVLAAV,CSATRQELNTGELFF,0
VQELYSPIFLIV,CASRLVIGGYTF,0
HTTDPSFLGRY,CATSEPPGSGELFF,0
MGYINVFAFPFTIYSL,CASSARPDFEAFF,0
FLNGSCGSV,CASSASGQEFYEQYF,0
VLWAHGFEL,CASQPLAGVYNEQFF,0
LSPRWYFYYL,CASSIGIATYNEQFF,0
FAFACPDGVKHVYQL,CASSGRLAQHF,0
IMLIIFWFSL,CATELWGSNYGYTF,0
MGYINVFAFPFTIYSL,RASSLRAPPLNTGELFF,0
IMLIIFWFSL,CAWSASGRAPDTQYF,0
APKEIIFLEGETL,CASSYSGLPKDTQYF,0
YVVDDPCPIHFY,CASSSDRGQQGANVLTF,0
FLNGSCGSV,CASSEPWQSQETQYF,0
FLWLLWPVTLACFVLAAV,CASSQDEGPEDTQYF,0
FVCNLLLLFVTVYSHLLLV,CSARAFGTSGGFTDTQYF,0
HTTDPSFLGRY,CAWSHTGTGVVPLHF,0
KLSYGIATV,CSSQGSGIRYEQYF,0
APKEIIFLEGETL,CASYSSRRDKTNTEAFF,0
KLSYGIATV,CASSPREFSGETQYF,0
FLWLLWPVTLACFVLAAV,CSARGDRLNSPLHF,0
HTTDPSFLGRY,CASSPSRVASTDTQYF,0
KLWAQCVQL,CASSLPSGGAVNTGELFF,0
HTTDPSFLGRY,CASSYPIIGGGEAFF,0
MGYINVFAFPFTIYSL,CASSLAGQGMWTEAFF,0
FLWLLWPVTLACFVLAAV,CASSYSGGRARTDTQYF,0
GLEAPFLYLYALVYFLQSINFVRIIMR,CASSPHGGGTSYEQYF,0
IPIGAGICASY,CASSHHTSGRYNEQFF,0
HTTDPSFLGRY,CASSMNKGGTEVYEQYF,0
HTTDPSFLGRY,CSVDMTTTNTEAFF,0
HTTDPSFLGRY,CASRLSWGGLGGELFF,0
HTTDPSFLGRY,CASSSRRGGATNYGYTF,0
YTMADLVYAL,CASSDTRTFNEKLFF,0
HTTDPSFLGRY,CASSQGLWNQPQHF,0
HTTDPSFLGRY,CASSLGEVEQPQHF,0
FLWLLWPVTLACFVLAAV,CASEGRGGGGTEAFF,0
MGYINVFAFPFTIYSL,CASSQDWASMGSYNEQFF,0
SELVIGAVIL,CSAVYSYNEQFF,0
GMEVTPSGTWLTY,CASNQGQSYSNQPQHF,0
HTTDPSFLGRY,CSARPQVGVTEAFF,0
GMEVTPSGTWLTY,CASSAMGVRYMNTEAFF,0
RSVASQSIIAYTMSL,CASRDEHKTSGTSIYEQYF,0
RSVASQSIIAYTMSL,CSARPGLDDYNEQFF,0
KLWAQCVQL,CASSQVRGRSHNEQFF,0
APKEIIFLEGETL,CASRRGGTYEQFF,0
VLWAHGFEL,CAGRRTGTSREQYF,0
KSWMESEFRVY,CASSSPGPLNTGELFF,0
VFITLCFTLK,CASSKIWRDSDTQYF,0
SMWSFNPETNIL,CASSLWLANRYNEQFF,0
GMEVTPSGTWLTY,CASSPWTGENSYEQYF,0
HTTDPSFLGRY,CASSVRAQGTGRNEQFF,0
HTTDPSFLGRY,CASSRSVRNNSPLHF,0
APKEIIFLEGETL,CASSVEGSTDEQYF,0
RQLLFVVEV,CSAIPGGAGQGIYF,0
GLEAPFLYLYALVYFLQSINFVRIIMR,CASSPILAGGGAGDTQYF,0
YEGNSPFHPL,CASSLLGIRVGLRHTEAFF,0
FLWLLWPVTLACFVLAAV,CASSPWDTSQEQYF,0
LSPRWYFYYL,CSARDSLGQGSSYGYTF,0
FLWLLWPVTLACFVLAAV,CASSFFGSGDQETQYF,0
HTTDPSFLGRY,CASREPGEAFF,0
APKEIIFLEGETL,CASSQSRGTGRNRYEQYF,0
HTTDPSFLGRY,CASSPQDGHGTGELFF,0
LSPRWYFYYL,CSVRRDGNEQFF,0
HTTDPSFLGRY,CSAPERGNNEKLFF,0
FLWLLWPVTLACFVLAAV,CASMGTGVSSYEQYF,0
FLNGSCGSV,CASSLFGGASSRYF,0
KLWAQCVQL,CASTMGGRGDIQYF,0
SELVIGAVIL,CASGLPYRDKGPTEAFF,0
HTTDPSFLGRY,CASSYSFFAGQSRHNGGYTF,0
MGYINVFAFPFTIYSL,CASRPSGTANTGELFF,0
MGYINVFAFPFTIYSL,CASSQNWAQGYGYTF,0
SELVIGAVIL,CASSKETANTGELFF,0
TVATSRTLSYYK,CSAVIPGHSYEQYF,0
MGYINVFAFPFTIYSL,CATSGRAMGYGYTF,0
HTTDPSFLGRY,CSVEDLGLAGDDTGELFF,0
MGYINVFAFPFTIYSL,CASIPFGLADYNEQFF,0
SEVGPEHSLAEY,CASSSMVLATNEKLFF,0
FLWLLWPVTLACFVLAAV,CASSLVFPDKNTEAFF,0
LEPLVDLPI,CASSYSELAGYNGQFF,0
MGYINVFAFPFTIYSL,CASSYAYRGLYEQYF,0
MGYINVFAFPFTIYSL,CATLAGGGTGELFF,0
FCNDPFLGVYY,CAWSDRTGSAHQPQHF,0
IMLIIFWFSL,CSVESGNDEQFF,0
FLWLLWPVTLACFVLAAV,CASRMDSSFTDTQYF,0
FPPTSFGPL,CASMPQTGYSTEAFF,0
FLNGSCGSV,CAPGLAGSREQFF,0
FPPTSFGPL,CASGLSGLKTQYF,0
HTTDPSFLGRY,CASSQESTKILSNEQFF,0
KLWAQCVQL,CASTAGQSPSGANVLTF,0
LSPRWYFYYL,CSVEEWGADDYGYTF,0
KLSYGIATV,CASSSVSAGAGNEQFF,0
HTTDPSFLGRY,CASSYLGYYNEQFF,0
ILLIIMRTFKVSIWNLDYII,CASSSLQTVFYGYTF,0
APKEIIFLEGETL,CASSHDAMNTEAFF,0
GLEAPFLYLYALVYFLQSINFVRIIMR,CASSLYAGGQVGELFF,0
KLSYGIATV,CASSPGPGLSETQYF,0
KLNDLCFTNVYADSFVIR,CASSDIPGVSGNEQFF,0
FVCNLLLLFVTVYSHLLLV,CASSKGRFDRGFNYGYTF,0
SETKCTLKSFTVEK,CASSTFRDTNQPQHF,0
VEAEVQIDRLITGR,CSARYSHEQFF,0
MGYINVFAFPFTIYSL,CASSPPASYIMNTEAFF,0
YTMADLVYAL,CSARDQGGGGYNEQFF,0
FLWLLWPVTLACFVLAAV,CASSHLNRSGSYNEQFF,0
YVVDDPCPIHFY,CASSRPDSSMNTEAFF,0
GLEAPFLYLYALVYFLQSINFVRIIMR,CASFGVNTGELFF,0
VEAEVQIDRLITGR,CASSIDRRSFYGYTF,0
VQPTESIVRFPNITNLCPF,CASTETGFASYTF,0
FLNGSCGSV,CASSLNLIYGYTF,0
FLWLLWPVTLACFVLAAV,CASSITGTGLSGNTIYF,0
HTTDPSFLGRY,CAWSAGRGYEQFF,0
KPLEFGATSAAL,CASSEEGQWVFF,0
APKEIIFLEGETL,CASSQTPGTGLSYEQYF,0
HTTDPSFLGRY,CASSISWGFSNQPQHF,0
MGYINVFAFPFTIYSL,CASSQGWWDRTNYGYTF,0
FPPTSFGPL,CASSYSGGLYYGYTF,0
YYRRATRRIR,CAWTDTGYGANVLTF,0
FLWLLWPVTLACFVLAAV,CAWSDRGYSPLHF,0
KLSYGIATV,CASRPHPGTGDEQFF,0
KLSYGIATV,CSASPQPQWRMGGYTF,0
GLEAPFLYLYALVYFLQSINFVRIIMR,CASIDTSSSYNEQFF,0
IMLIIFWFSL,CASRVRGLIQETQYF,0
HTTDPSFLGRY,CASANPGLAGTQYF,0
HTTDPSFLGRY,CSVEDRAQGNYGYTF,0
HTTDPSFLGRY,CAWSVSFRGGEQYF,0
HTTDPSFLGRY,CASSLNRGWGGQGYTF,0
HTTDPSFLGRY,CAGSLHLGGGEQFF,0
HTTDPSFLGRY,CASSYSWDRVMGDTEAFF,0
HTTDPSFLGRY,CASRQQVFKRELFGELFF,0
HTTDPSFLGRY,CASSPAGAINEKLFF,0
LSPRWYFYYL,CARIRNTIYF,0
HTTDPSFLGRY,CASSYSVVGNTGELFF,0
NYNYLYRLFRK,CASSLTSGRTGQETQYF,0
HTTDPSFLGRY,CAWNPAAGANVLTF,0
HTTDPSFLGRY,CATMPGLTTSGGTGELFF,0