TCR,epitope,Label
CASSYLPGQGDHYSNQPQHF,FLKEKGGL,1
CASSFEAGQGFFSNQPQHF,FLKEKGGL,1
CASSFEPGQGFYSNQPQHF,FLKEKGGL,1
CASSYEPGQVSHYSNQPQHF,FLKEKGGL,1
CASSALASLNEQFF,FLKEKGGL,1
CASSYLPGQGDHYSNQPQHF,FLKEQGGL,1
CASSFEAGQGFFSNQPQHF,FLKEQGGL,1
CASSFEPGQGFYSNQPQHF,FLKEQGGL,1
CASSYEPGQVSHYSNQPQHF,FLKEQGGL,1
CASSYLPGQGDHYSNQPQHF,FLKETGGL,1
CASSFEAGQGFFSNQPQHF,FLKETGGL,1
CASSFEPGQGFYSNQPQHF,FLKETGGL,1
CASSYEPGQVSHYSNQPQHF,FLKETGGL,1
CASSYLPGQGDHYSNQPQHF,FLKEMGGL,1
CASSFEAGQGFFSNQPQHF,FLKEMGGL,1
CASSFEPGQGFYSNQPQHF,FLKEMGGL,1
CASSYEPGQVSHYSNQPQHF,FLKEMGGL,1
CASSILGVSSYNEQFF,TPRVTGGGAM,1
CASSFRDYGRYEQYF,TPRVTGGGAM,1
CASSILGISSYNEQFF,TPRVTGGGAM,1
CASSLGPITEAPF,TPRVTGGGAM,1
CASSPSAQYNEQFF,TPRVTGGGAM,1
CASSLRGAATDTQYF,TPRVTGGGAM,1
CASTNHDRGGMNTEAPF,TPRVTGGGAM,1
CASSLVGQGLSDEQFF,TPRVTGGGAM,1
CASSQTTKDEQYF,KTFPPTEPK,1
CASSQGQKDEQYF,KTFPPTEPK,1
CASSQFTGRKEKLFF,KTFPPTEPK,1
CASSLTSGGPTSDTQYF,LLYDANYFL,1
CASTTPVTERYNEQFF,LLYDANYFL,1
CASTTSRGAISTDTQYF,LLYDANYFL,1
CASSQGTGGANEQYF,LLYDANYFL,1
CASSLAGSTEAFF,LLYDANYFL,1
CASSLTSGGPVTDTQYF,LLYDANYFL,1
CASSLGGTEAFF,LLYDANYFL,1
CASSLGGSTEAFF,LLYDANYFL,1
CASSEKARGNEQFF,KTFPPTEPK,1
CATDRNTEAFF,KTFPPTEPK,1
CASSPRQGDTQYF,KTFPPTEPK,1
CSARGSSGRAEYTQYF,ALSKGVHFV,1
CASSQGQGLAGIGETQYF,ALSKGVHFV,1
CASSLVGGPLSYEQYF,ALSKGVHFV,1
CASSLVGDSYNEQFF,ALSKGVHFV,1
CASSLSGDDYNEQFF,ALSKGVHFV,1
CASSPGAGAEETQYF,ALSKGVHFV,1
CSAPILSPYEQYF,LLLDRLNQL,1
CASSASNYGYTF,LLLDRLNQL,1
CASSAELNTYEQYF,LLLDRLNQL,1
CASSIPTSSYEQYF,LLLDRLNQL,1
CATEAGTGTNYGYTF,LLLDRLNQL,1
CASTETSGAYNEQFF,LLLDRLNQL,1
CASSVEGASYEQYF,LLLDRLNQL,1
CASSEGGGEQYF,LLLDRLNQL,1
CASSSGTVPYEQYF,LLLDRLNQL,1
CASASAAYEQYF,LLLDRLNQL,1
CASGGNSYEQYF,LLLDRLNQL,1
CASSPDSVEQYF,LLLDRLNQL,1
CASSVELNSYEQYF,LLLDRLNQL,1
CASSVAHLNTDTQYF,LLLDRLNQL,1
CASSQDRGFGAEAEAFF,ALSKGVHFV,1
CASSEVAGDTQYF,ALSKGVHFV,1
CASSLAGDSYNEQFF,ALSKGVHFV,1
CASSAEGSPEAFF,ALSKGVHFV,1
CASSPQGSGTGPNQPQHF,ALSKGVHFV,1
CATSGNSWTGDVGTEAFF,ALWEIQQVV,1
CASTGTGVFNEQFF,ALWEIQQVV,1
CASSQDPGTSVYNEQFF,ALWEIQQVV,1
CASSYGLERQFF,ALWEIQQVV,1
CATSRDLGLYNEQFF,RLQSLQTYV,1
CASSQDLQGPDEKLFF,RLQSLQTYV,1
CASSQDLQGTNEKLFF,RLQSLQTYV,1
CASSYSGGNTEAFF,RLQSLQTYV,1
CAWSLGNSIELNYGYTF,RLQSLQTYV,1
CASSLGGAEAFF,LLYDANYFL,1
CASSLGSGGTEAFF,LLYDANYFL,1
CASSLEAGGREQYF,LLYDANYFL,1
CSADPVAGGGYEQYF,ALSKGVHFV,1
CASSEVGNEQFF,ALSKGVHFV,1
CASNGLAGVSYNEQFF,ALSKGVHFV,1
CASSSGVERPYEQYF,ALSKGVHFV,1
CASSLAGDDYNEQFF,ALSKGVHFV,1
CASSYLLAMNTGELFF,ALSKGVHFV,1
CASSTKGPNNEQFF,KTFPPTEPK,1
CASSVLSGGPFNEQFF,KTFPPTEPK,1
CASSLPSGQGAYNEQFF,KTFPPTEPK,1
CASSLAKKDTQYF,KTFPPTEPK,1
CASSQDLSGGVYYGYTF,CLNEYHLFL,1
CSTLLAGGGDEQYF,CLNEYHLFL,1
CASSPTGLGETQYF,CLNEYHLFL,1
CSAPPGPLAHTQYF,CLNEYHLFL,1
CASSFKGTGPNQPQHF,CLNEYHLFL,1
CASSFGGPPNTGELFF,CLNEYHLFL,1
CASSIGPVNTEAFF,CLNEYHLFL,1
CASSVAASPSGNTIYF,CLNEYHLFL,1
CASSPYRAGYEQYF,CLNEYHLFL,1
CASSRTGITDTQYF,CLNEYHLFL,1
CASSIASGIYEQYF,AMFWSVPTV,1
CASSISSSEKLFF,AMFWSVPTV,1
CASSLVVGLALEQYF,AMFWSVPTV,1
CASSFWGLSTEAFF,AMFWSVPTV,1
CASSSDLYEQYF,AMFWSVPTV,1
CASSQEVGSGNTIYF,AMFWSVPTV,1
CASSSAGGGGNTIYF,AMFWSVPTV,1
CASSIAGGYEQYF,AMFWSVPTV,1
CSVVGGLLEAFF,AMFWSVPTV,1
CASSSDWGLMNTEAFF,AMFWSVPTV,1
CASSAVDRVTSYNEQFF,AMFWSVPTV,1
CASSLIAGNSDTQYF,AMFWSVPTV,1
CASRLTAGEYQETQYF,AMFWSVPTV,1
CASSLWDYGYTF,AMFWSVPTV,1
CASSLWGVGTEAFF,AMFWSVPTV,1
CASSYFGVNSPLHF,AMFWSVPTV,1
CATSALAGQGRDEQFF,AMFWSVPTV,1
CASSRLAGTDTQYF,AMFWSVPTV,1
CASSFPGYGLNTEAFF,AMFWSVPTV,1
CASSVLAGGLDTQYF,AMFWSVPTV,1
CASSYMLQTFNTEAFF,AMFWSVPTV,1
CASSPGLLAGGSSWETQYF,AMFWSVPTV,1
CASTSTPGQVGQPQHF,AMFWSVPTV,1
CASKGLAGAYTDTQYF,AMFWSVPTV,1
CASSLGGNEQYF,AMFWSVPTV,1
CASSFTAGLNTEAFF,AMFWSVPTV,1
CASSLVWGLGTEAFF,AMFWSVPTV,1
CASSLGLSGESF,AMFWSVPTV,1
CASSKLAGGLDTQYF,AMFWSVPTV,1
CASTHRTGLNTEAFF,AMFWSVPTV,1
CASSIGGQEETQYF,AMFWSVPTV,1
CASSLEIVGETEAFF,AMFWSVPTV,1
CASSISGGYEQYF,AMFWSVPTV,1
CSARTLAGFTDTQYF,AMFWSVPTV,1
CASSDLLTGELFF,AMFWSVPTV,1
CASSSGLAGYLM,AMFWSVPTV,1
CASSHRTTDEETQYF,AMFWSVPTV,1
CASSYPGYGLNTEAFF,AMFWSVPTV,1
CASSLDLYEQYF,AMFWSVPTV,1
CASSWTGFGLNTEAFF,AMFWSVPTV,1
CASSLITGLSYEQYF,AMFWSVPTV,1
CASSTWTGMNTEAFF,AMFWSVPTV,1
CASSELWGAGDNEQFF,AMFWSVPTV,1
CASSFITGLHYEQYF,AMFWSVPTV,1
CSAQQGIQPQHF,AMFWSVPTV,1
CASSLVGGLAETQYF,AMFWSVPTV,1
CASSFSGGLTHEQYF,AMFWSVPTV,1
CASSLGAGEQYF,AMFWSVPTV,1
CASSPIFGLTNEQYF,AMFWSVPTV,1
CASSYFGGEQFF,AMFWSVPTV,1
CASSQDWGLNYEQYF,AMFWSVPTV,1
CASSTSGGYEQYF,AMFWSVPTV,1
CASSRLAGGLDTQYF,AMFWSVPTV,1
CASSGLITDTQYF,AMFWSVPTV,1
CSARELAGFQETQYF,AMFWSVPTV,1
CSPIRGIEQYF,AMFWSVPTV,1
CAIGPQGGFYEQYF,AMFWSVPTV,1
CATSSAILAGVKETQYF,AMFWSVPTV,1
CASSEGVGLAFEQFF,AMFWSVPTV,1
CAIGLAGAYEQYF,AMFWSVPTV,1
CASSSWTGLSLSFYGYTF,AMFWSVPTV,1
CASSEPGTVEAFF,AMFWSVPTV,1
CSVEEGIDEQYF,AMFWSVPTV,1
CASSLGAGEQFF,AMFWSVPTV,1
CASSFQGGTGNTIYF,AMFWSVPTV,1
CASSLALPYEQYF,AMFWSVPTV,1
CASSPTQGLAITGELFF,AMFWSVPTV,1
CASSQTHPPGELFF,AMFWSVPTV,1
CASSISAGYEQYF,AMFWSVPTV,1
CASSVDGAYNEQFF,AMFWSVPTV,1
CAFGVNWDLPHSGNTIYF,AMFWSVPTV,1
CASSFTWGLNTEAFF,AMFWSVPTV,1
CASSYFSYEQYF,AMFWSVPTV,1
CASSSDRGLPSGNTIYF,AMFWSVPTV,1
CSAHEGLEQYF,AMFWSVPTV,1
CASSASWTDYYGYTF,AMFWSVPTV,1
CASSTGTGSYEQYF,AMFWSVPTV,1
CASSLWYNQPQHF,AMFWSVPTV,1
CASSPLAAPGSFETQYF,AMFWSVPTV,1
CASSVDGDYNEQFF,AMFWSVPTV,1
CASSPTPSGLWWELFF,AMFWSVPTV,1
CASSTGTGLNTEAFF,AMFWSVPTV,1
CATSALPGQETTDTQYF,AMFWSVPTV,1
CASSLVGGLSNQPQHF,AMFWSVPTV,1
CASSQQAGGITYNEQFF,FLYNLLTRV,1
CASSYSTAGQPQHF,FLYNLLTRV,1
CASSPTGAGYEQYF,FLYNLLTRV,1
CASSLLSGSTEAFF,FLYNLLTRV,1
CASSYGTSTNEQFF,FLYNLLTRV,1
CASSQGDSGTDTQYF,FLYNLLTRV,1
CASSFSNQPQHF,FLYNLLTRV,1
CASSGGQGTQPQHF,FLYNLLTRV,1
CASSYSGAGQPQHF,FLYNLLTRV,1
CASSLLQGAESPLHF,FLYNLLTRV,1
CASSPQDRGPNYGYTF,FLYNLLTRV,1
CASSFDYSYEQYF,FLYNLLTRV,1
CAAGGVNQPQHF,FLYNLLTRV,1
CASSLLAGELFF,FLYNLLTRV,1
CASSPSSPYEQYF,FLYNLLTRV,1
CASSEGTDTQYF,FLYNLLTRV,1
CASGISNQPQHF,FLYNLLTRV,1
CASSLDPPFDRQNYGYTF,FLYNLLTRV,1
CASSYGDMAYNEQFF,FLYNLLTRV,1
CATMGTGGSLYYGYTF,FLYNLLTRV,1
CASSVSNQPQHF,FLYNLLTRV,1
CASSFTSGGYNEQFF,FLYNLLTRV,1
CASSLYRANTGELFF,FLYNLLTRV,1
CASSLTSLTDTQYF,FLYNLLTRV,1
CASSKSKGSPLHF,FLYNLLTRV,1
CASSLAGQGPNSPLHF,FLYNLLTRV,1
CASSPTGAGQPQHF,FLYNLLTRV,1
CASSSGTSGSDTQYF,FLYNLLTRV,1
CASSFSGPRSPQHF,FLYNLLTRV,1
CASNLQGLDYEQYF,FLYNLLTRV,1
CASSLGQGNQPQHF,FLYNLLTRV,1
CASSFWGANEKLFF,FLYNLLTRV,1
CASSYSVGVNTEAFF,FLYNLLTRV,1
CASRYRAAPNQPQHF,FLYNLLTRV,1
CASSQDAGGVFGNTIYF,FLYNLLTRV,1
CASSLYSNQPQHF,FLYNLLTRV,1
CATAPINSPLHF,FLYNLLTRV,1
CASSPPNQPQHF,FLYNLLTRV,1
CASSFNNQPQHF,FLYNLLTRV,1
CASGVSNQPQHF,FLYNLLTRV,1
CASSYESNYGYTF,FLYNLLTRV,1
CASSLDVATNEKLFF,FLYNLLTRV,1
CSDSSTGGAGFTF,FLYNLLTRV,1
CASSESGGGYRWTEAFF,FLYNLLTRV,1
CASSEGPSGYTF,FLYNLLTRV,1
CASSPGLGEQYF,FLYNLLTRV,1
CASSLEGVYGYTF,FLYNLLTRV,1
CASTIGPGITDTQYF,FLYNLLTRV,1
CASSPRDRGPRSPQHF,FLYNLLTRV,1
CASSRTGAGEKLFF,FLYNLLTRV,1
CASSLGIAGPYNEQFF,FLYNLLTRV,1
CAGGLLNQPQHF,FLYNLLTRV,1
CASSLGQGAQPQHF,FLYNLLTRV,1
CASSPMNTEAFF,FLYNLLTRV,1
CASSLSSHGYTF,FLYNLLTRV,1
CASSFATVGEKLFF,FLYNLLTRV,1
CASTLYTGDNEQFF,FLYNLLTRV,1
CASSYSAGGYYGYTF,FLYNLLTRV,1
CASSYQQGSQPQHF,FLYNLLTRV,1
CASSPLNTEAFF,FLYNLLTRV,1
CASSWSNQPQHF,FLYNLLTRV,1
CASSPVTGGDNSPLHF,KLMNIQQKL,1
CASSSGNYEQYF,KLMNIQQKL,1
CASSLGLSGAYNEQFF,KLMNIQQKL,1
CAWSVASGNEQFF,KLMNIQQKL,1
CASSWGQGGYEQYF,KLMNIQQKL,1
CAWSVGVSNQPQHF,KLMNIQQKL,1
CASSLGQGGELFF,KLMNIQQKL,1
CASSLGNYEQYF,KLMNIQQKL,1
CAWSAGTGGNEKLFF,KLMNIQQKL,1
CAWSVAGGHEQYF,KLMNIQQKL,1
CASSLGQGYEQYF,KLMNIQQKL,1
CASSFGQRETEAFF,KLMNIQQKL,1
CASSQGTGVTEAFF,KLMNIQQKL,1
CASSFGTGYEQYF,KLMNIQQKL,1
CASSLNPDTQYF,KLMNIQQKL,1
CAWSPGQGGTNEKLFF,KLMNIQQKL,1
CAWSAYTGELFF,KLMNIQQKL,1
CAWSVGAGVGEQYF,KLMNIQQKL,1
CAWSGDRPLAFF,KLMNIQQKL,1
CASSVGLSETTALYNEQFF,IILVAVPHV,1
CASSLEVVQETQYF,IILVAVPHV,1
CSARDPASWGEKLFF,IILVAVPHV,1
CASSVAGLQGAEQYF,IILVAVPHV,1
CASSYEQGSYEQYF,IILVAVPHV,1
CASSFGPLGMWAEAFF,IILVAVPHV,1
CASSYLSVQETQYF,IILVAVPHV,1
CASSLETGYGEQYF,IILVAVPHV,1
CASSVFGLAGAEQYF,IILVAVPHV,1
CASSEFGGGSPDTQYF,IILVAVPHV,1
CASSVYGGAEAFF,IILVAVPHV,1
CASSTYGLAGETQYF,IILVAVPHV,1
CSVENRVIYGYTF,MLGEQLFPL,1
CSVEDPTFYGYTF,MLGEQLFPL,1
CASSLGSSGNTIYF,MLGEQLFPL,1
CSVEGQIAGKYGYTF,MLGEQLFPL,1
CASSYGTSGTEQFF,MLGEQLFPL,1
CSVEDGAAKQIYGYTF,MLGEQLFPL,1
CASSVEYSNQPQHF,MLGEQLFPL,1
CSVEDRVNYGYTF,MLGEQLFPL,1
CASSQWSSTNEKLFF,MLGEQLFPL,1
CARNHDRDRLYEQYF,MLGEQLFPL,1
CASSSWGTSDEQYF,MLGEQLFPL,1
CALSVWGLNYGYTF,YVLDHLIVV,1
MSLLGSNQPQHF,YVLDHLIVV,1
CASTGGPGYGAQYF,YVLDHLIVV,1
CANTGAGDRVIYNEQFF,YVLDHLIVV,1
CASSRGTAGETEAFF,YVLDHLIVV,1
CASRQNTEAFF,YVLDHLIVV,1
CASRALLGSGETQYF,YVLDHLIVV,1
CASTRLLGSADTQYF,YVLDHLIVV,1
CASSLFPSGMDHEQYF,YVLDHLIVV,1
CSAPVPPYNEQFF,YVLDHLIVV,1
CATSRDLDNGRQFF,YVLDHLIVV,1
CASSPGQLGNTIYF,KRWIILGLNK,1
CASRLLGGGQETQYF,KRWIILGLNK,1
CASSPGVFGVTQYF,KRWIILGLNK,1
CASSQGVSSTEAFF,KRWIILGLNK,1
CASSQGLLANEQFF,KRWIILGLNK,1
CASSQGVPSTEAFF,KRWIILGLNK,1
CAGRLLGGGQETQYF,KRWIILGLNK,1
CSARDLGLAGDTDTQYF,KRWIILGLNK,1
CASSLDSYEQYF,KRWIILGLNK,1
CASSQGQLGNTIYF,KRWIILGLNK,1
CASSLGIPGTAQWVYGYTF,KRWIILGLNK,1
CASSPLGGHHSGANVLTF,KRWIILGLNK,1
CASSEDYYEQYF,KRWIILGLNK,1
CSAREVYYNSPLHF,KRWIILGLNK,1
CASSPLGGHHTGANVLTF,KRWIILGLNK,1
CASSLDVNEQFF,KRWIILGLNK,1
CASSTGTVYNEQFF,KRWIILGLNK,1
CASSYDLNEQYF,KRWIILGLNK,1
CASSGLAPTSYNEQFF,KRWIILGLNK,1
CASRGGAPKIF,KRWIILGLNK,1
CSARVTSSDEQYF,KRWIILGLNK,1
CASSYDNYEQYF,KRWIILGLNK,1
CASSSDREEQYF,KRWIILGLNK,1
CASGLVLPVRGREETQYF,KRWIILGLNK,1
CASSLDRAEQYF,KRWIILGLNK,1
CSARQGLNNEQFF,KRWIILGLNK,1
CASSPLGDRETQYF,KRWIILGLNK,1
CASSFIAGTEAFF,KRWIILGLNK,1
CASSLVAGTYNEQFF,KRWIILGLNK,1
CASRGIQADGYTF,KRWIILGLNK,1
CSASDNELPGSSYNEQFF,KRWIILGLNK,1
CASSMADLSYEQYF,KRWIILGLNK,1
CASSGGLPEGYTF,KRWIILGLNK,1
CSASNPLLGQGAGYGYTF,KRWIILGLNK,1
CSGRGVAYNSPLHF,KRWIILGLNK,1
CASSQDITFPKQFF,KRWIILGLNK,1
CSASNPLLGQGADYGYTF,KRWIILGLNK,1
CRTRSVETDTQYF,KRWIILGLNK,1
CASSGEREGQVGELFF,KRWIILGLNK,1
CSVPGLAQNEQFF,KRWIILGLNK,1
CASSPGTGELFF,KRWIILGLNK,1
CASSPTGLVGLIQNTEAFF,KRWIILGLNK,1
CASSQGQYSHEQYF,KRWIILGLNK,1
CASSQGRLSAEAFF,KRWIILGLNK,1
CASSPGRLGNEQYF,KRWIILGLNK,1
CSAMGGGPYEQYF,KRWIILGLNK,1
CASSQGALSNEQFF,KRWIILGLNK,1
CASSPGWGSYEQYF,RLRPGGKKK,1
CASSPQRGFYEQYF,RLRPGGKKK,1
CASCPGWGSYEQYF,RLRPGGKKK,1
CASSPQKGFYEQYF,RLRPGGKKK,1
CASSPGWGSHEQYF,RLRPGGKKK,1
CASSSDRSFYGYTF,RLRPGGKKK,1
CASSLDRGVGGYTF,RLRPGGKKK,1
CASSPGWGNTEAFF,RLRPGGKKK,1
CASSHGLAGVGETQYF,RLRPGGKKK,1
CASSLWGERLNTEAFF,RLRPGGKKK,1
CASSLGWGPNEQFF,RLRPGGKKK,1
CASATIMGGRASNEQFF,RLRPGGKKK,1
CASSFGWGADSPLHF,RLRPGGKKK,1
CASSPIGRSEAFF,RLRPGGKKK,1
CASSPGWGTYEQYF,RLRPGGKKK,1
CASSLGWGNTEAFF,RLRPGGKKK,1
CASSLGRGPNEQFF,RLRPGGKKK,1
CASSFGWGGETEAFF,RLRPGGKKK,1
CASSQETGDEQYF,GPGMKARVL,1
CASSLELGDEQFF,GPGMKARVL,1
CASSLELGDEQYF,GPGMKARVL,1
CASSQETGDTQYF,GPGMKARVL,1
CASSPGQGPSYEQYF,GPGMKARVL,1
CASSLETGDEQYF,GPGMKARVL,1
CASTNRGKSSYNEQFF,GPGMKARVL,1
CASSQQASGNTIYF,GPGMKARVL,1
CACSLETGDEQYF,GPGMKARVL,1
CASSFDAEQFF,SLYNTVATL,1
CASSLIGHSNQPQHF,SLYNTVATL,1
CASSPTDFYGYTF,SLYNTVATL,1
CASSWDSVNTEAFF,SLYNTVATL,1
CASADRDREADEQFF,SLYNTVATL,1
CSAPVLPQETQYF,SLYNTVATL,1
CASEGFLAGQFF,SLYNTVATL,1
CASSFDSEQFF,SLYNTVATL,1
CASSFDSEAFF,SLYNTVATL,1
CASSIIGHSNQPQHF,SLYNTVATL,1
CASSFDREAFF,SLYNTVATL,1
CARSFDSEAFF,SLYNTVATL,1
CATSFDSEAFF,SLYNTVATL,1
CSVGGRGTGELFF,SLYNTVATL,1
CASSFGSEAFF,SLYNTVATL,1
CASSFDAEAFF,SLYNTVATL,1
CASTPVGHSNQPQHF,SLYNTVATL,1
CASNLGGPQQPQHF,SLYNTVATL,1
CASSPRQAAYEQYF,SLYNTVATL,1
CANSFDAEAFF,SLYNTVATL,1
CASSAYRGQANEQFF,QVPLRPMTYK,1
CASSVYRGQANEQFF,QVPLRPMTYK,1
CASSYSRGVGNTIYF,QVPLRPMTYK,1
CAISDFDRAGTQYF,QVPLRPMTYK,1
CASYPDRGRVNEQFF,QVPLRPMTYK,1
CASYPDRGRANEQFF,QVPLRPMTYK,1
CSARVRAGSYNEQFF,QVPLRPMTYK,1
CASSLYTSNNEQFF,QVPLRPMTYK,1
CASPGVRGANVLTF,QVPLRPMTYK,1
CSARDVVDGNTGELFF,FLKEKGGL,1
CASSFLPGQGSYYSNQPQHF,FLKEKGGL,1
CASSSFGPSNQPQHF,KRWIILGLNK,1
CASSRQSGEREQFF,KRWIILGLNK,1
CASSEDRNEQFF,KRWIILGLNK,1
CASRPGQGNNEQFF,KRWIILGLNK,1
CASGEGTLSYEQYF,KRWIILGLNK,1
CASNRQSGEREQFF,KRWIILGLNK,1
CASRPGQGHHEQYF,KRWIILGLNK,1
CASSPLGLSGANVLTF,KRWIILGLNK,1
CASSFDRNEQFF,KRWIILGLNK,1
CASSLTSIAEAFF,KRWIILGLNK,1
CASSFGTGGEQYF,KRWIIMGLNK,1
CASSGGRDRSHEQYF,KRWIIMGLNK,1
CASSYPGQGVGGYTF,KRWIIMGLNK,1
CASSSFGPSNQPQHF,KRWIIMGLNK,1
CASSPRDFSGNTIYF,KRWIIMGLNK,1
CASSLTSIAEAFF,KRWIIMGLNK,1
CASSPTNLNEQFF,KRWIIMGLNK,1
CASRAGQGATEAFF,KRWIIMGLNK,1
CASSLSAGQGMTDTQYF,KRWIILGLNK,1
CSVEGEEDANYEQYF,KRWIILGLNK,1
CASSQAREQFF,KRWIILGLNK,1
CASSFGGAGDTEAFF,KRWIILGLNK,1
CAISHTGELFF,KRWIILGLNK,1
CASSRDTVYNQPQHF,KRWIILGLNK,1
CASSPGTSIDEQFF,KRWIILGLNK,1
CASSPGAGENIQYF,KRWIILGLNK,1
CASSQDGSGAGYTF,KRWIILGLNK,1
CASSPGTGIGEQFF,KRWIILGLNK,1
CASSPQTAGELFF,KRWIILGLNK,1
CAISHTRELFF,KRWIILGLNK,1
CASSLRGGNTDTQYF,KRWIILGLNK,1
CASSQSTGELFF,KRWIILGLNK,1
CASSQGIFAYEQYF,KRWIILGLNK,1
CASSGNSFSAFF,KRWIILGLNK,1
CATSETGELFF,KRWIILGLNK,1
CAWSLTGMNQPQHF,KRWIILGLNK,1
CASSSQADTQYF,KRWIILGLNK,1
CASSSSPGTSGNQPQHF,KRWIILGLNK,1
CASSSRGGATDTQYF,KRWIILGLNK,1
CASSPGQFGNTIYF,KRWIILGLNK,1
CASSLRGGNTDTQYF,KRWIIMGLNK,1
CASSQGIFAYEQYF,KRWIIMGLNK,1
CAWSLTGMNQPQHF,KRWIIMGLNK,1
CATSETGELFF,KRWIIMGLNK,1
CASSSRGGATDTQYF,KRWIIMGLNK,1
CASSLRGGNADTQYF,KRWIIMGLNK,1
CSARAGLNNEQFF,KRWIIMGLNK,1
CGARAGLNNEQFF,KRWIIMGLNK,1
CSVRAGLNNEQFF,KRWIIMGLNK,1
CASSLLGGNPTQYF,KRWIILGLNK,1
CASSLLGGNSTQYF,KRWIILGLNK,1
CASRPGQGSHEQYF,KRWIILGLNK,1
CASRPGRGSHEQYF,KRWIILGLNK,1
CASGPGQGSHEQYF,KRWIILGLNK,1
CAGRPGQGSHEQYF,KRWIILGLNK,1
CASSLLGGNPTQYF,KRWIIMGLNK,1
CASSTPGGGQDTQYF,KRWIIMGLNK,1
CVSSLLGGNPTQYF,KRWIIMGLNK,1
CASSLLGGHPTQYF,KRWIIMGLNK,1
CSARDPPGSSNYGYTF,KRWIIMGLNK,1
CASSLLGGDPAQYF,KRWIIMGLNK,1
CASAGRTDTQYF,KRWIIMGLNK,1
CSARPGLAGALYEQYF,KRWIIMGLNK,1
CASSLGTSSYEQYF,KRWIILGLNK,1
CASAPGLMSYEQYF,KRWIILGLNK,1
CANSLGTSSYEQYF,KRWIILGLNK,1
CAGSLGTSSYEQYF,KRWIILGLNK,1
CASSPGTSSYEQYF,KRWIILGLNK,1
CTSSLGTSSYEQYF,KRWIILGLNK,1
CASTEYSGSIEQFF,KRWIILGLNK,1
CASSRKTGPYEQYF,KRWIILGLNK,1
CASSLGTNSYEQYF,KRWIILGLNK,1
CASSQGANYEQYF,KRWIILGLNK,1
CASSLGTSSYEQYF,KRWIIMGLNK,1
CASSFTTLGEQYF,KRWIIMGLNK,1
CASSLYGEQYF,KRWIIMGLNK,1
CASSLGRNSNEQFF,KRWIIMGLNK,1
CASSLETSSYEQYF,KRWIIMGLNK,1
CASAPGLMSYEQYF,KRWIIMGLNK,1
CASALGLMSYEQYF,KRWIIMGLNK,1
CASSLGASSYEQYF,KRWIIMGLNK,1
CASALGTRSYEQYF,KRWIIMGLNK,1
CVSSLGTSSYEQYF,KRWIIMGLNK,1
CAGSFTTLGEQYF,KRWIIMGLNK,1
CASMGGANTEAFF,KRWIILGLNK,1
CASSPTTYGYTF,KRWIILGLNK,1
CAISEYGNAASPLHF,KRWIILGLNK,1
CASSVLGTSGGAEQFF,KRWIILGLNK,1
CSARDWASGLSSYEQYF,KRWIILGLNK,1
CASSLVGRGLDEQYF,KRWIIMGLNK,1
CASRESYEQYF,KRWIIMGLNK,1
CASSLLGGGGEAFF,KRWIIMGLNK,1
CASSFSSLGEQFF,KRWIIMGLNK,1
CASSLYYSRPNTEAFF,KRWIIMGLNK,1
CAGSLVGRGLDEQYF,KRWIIMGLNK,1
CSAPLAGAPQDTQYF,KRWIILGLNK,1
CASRPGQGSHEQFF,KRWIILGLNK,1
CASSSFGPGNQPQHF,KRWIILGLNK,1
CASNSFGPSNQPQHF,KRWIILGLNK,1
CASSPDNQPQHF,KRWIILGLNK,1
CASSPFGPSNQPQHF,KRWIILGLNK,1
CASSSFGPSNQPRH,KRWIILGLNK,1
CASSSFGPSNLPQHF,KRWIILGLNK,1
CASSFGPSNQPQHF,KRWIILGLNK,1
CASSLLEHNNGELFF,KRWIIMGLNK,1
CASSLLEHNNRGELFF,KRWIIMGLNK,1
CASSPFGPSNQPQHF,KRWIIMGLNK,1
CARSSFGPSNQPQHF,KRWIIMGLNK,1
CASSSFGPSNRPQHF,KRWIIMGLNK,1
CASRPGQGSHEQFF,KRWIIMGLNK,1
CASSPGQFSHEAFF,KRWIILGLNK,1
CASRTGQGAYEQYF,KRWIILGLNK,1
CASSRGTSDYEQYF,KRWIILGLNK,1
CASSPGQFSHEAFF,KRWIIMGLNK,1
CASSRGTSDYEQYF,KRWIIMGLNK,1
CASRTGQGAYEQYF,KRWIIMGLNK,1
CASSSTNLGEQFF,KRWIIMGLNK,1
CASSRGTRDYEQYF,KRWIIMGLNK,1
CASSTGDHSNQPQHFG,YSEHPTFTSQY,1
CASSLGVDFNYGYTF,YSEHPTFTSQY,1
CSVTGTSYEQYF,YSEHPTFTSQY,1
CATSSPGLASDEQFF,YSEHPTFTSQY,1
CASSSPLLSSDTQYF,YSEHPTFTSQY,1
CASSLSGGLWSYEQYF,YSEHPTFTSQY,1
CSVVGRYYEQYF,YSEHPTFTSQY,1
CATSGPSASYEQYF,YSEHPTFTSQY,1
CASSFNGPNTEAFF,ELRRKMMYM,1
CAISEFGLAGSDEQFF,ELRRKMMYM,1
CASSLFDGTGSTEAFF,ELRRKMMYM,1
CASSQGGSYNEQFF,ELRRKMMYM,1
CASSLTQGANTEAFF,ELRRKMMYM,1
CASSLYEEVLLSYNEQFF,ELRRKMMYM,1
CASSPTPGQRNGYTF,QIKVRVDMV,1
CASSLKPGLSIDTQYF,QIKVRVDMV,1
CATSVPSGRSYNEQFF,QIKVRVDMV,1
CASSRAGAYNEQFF,QIKVRVDMV,1
CASSGVEGITVNTEAFF,QIKVRVDMV,1
CASSRLAGADTQYF,QIKVRVDMV,1
CASNRESAYTF,HPVGEADYFEY,1
CASREKGYDEQFF,HPVGEADYFEY,1
CATSGRYGEQFF,HPVGEADYFEY,1
CASSQAGVEQFF,HPVGEADYFEY,1
CASSQAGVEQYF,HPVGEADYFEY,1
CASSPREMLYNEQFF,HPVGEADYFEY,1
CASSLKTGELVFG,HPVGEADYFEY,1
CAISTGDSNQPQHF,EPLPQGQLTAY,1
CASSTGDHSNQPQHF,EPLPQGQLTAY,1
CATGTGDSNQPQHF,EPLPQGQLTAY,1
CASSHTGAEAFF,IPSINVHHY,1
CASSPTTAYEQYF,IPSINVHHY,1
CASSPALDAQYF,IPSINVHHY,1
CASSPDLGSTEAFF,IPSINVHHY,1
CASSLDLGSTEAFF,IPSINVHHY,1
CASSSGGVYEQYF,IPSINVHHY,1
CASSLTGSEAFF,IPSINVHHY,1
CASSLALDEQFF,IPSINVHHY,1
CSVMRTDFDQYF,IPSINVHHY,1
CASSYTGSEAFF,IPSINVHHY,1
CSVMRTDFQYF,IPSINVHHY,1
CASSGTGTEAFF,IPSINVHHY,1
CSVMRGEHDEQYF,IPSINVHHY,1
CASSYSTAGELFF,IPSINVHHY,1
CASSPGTEQFF,IPSINVHHY,1
CASSLTGTEAFF,IPSINVHHY,1
CASSKTGTEAFF,IPSINVHHY,1
CASSYSTGQLQHF,IPSINVHHY,1
CASSPTGGELFF,IPSINVHHY,1
CASRPGLAGGRPEQYF,LLFGYPVYV,1
CASSYPGGGFYEQYF,LLFGYPVYV,1
CASSLGQAYEQYF,FLRGRAYGL,1
CASRPGLAGGRPEQYF,LLFGYAVYV,1
CASRPGLAGGRPEQYF,LLFGYPRYV,1
CASRPGLAGGRPEQYF,LLFGYPVAV,1
CASSYVGNTGELFF,SLLMWITQV,1
CASSYVGNTGELFF,SLLMWITQC,1
CASSQDRDTQYF,VMAPRTLIL,1
CASRPGLAGGRPEQYF,LLFGKPVYV,1
CASSYLGNTGELFF,SLLMWITQC,1
CASTGSYGYTF,KAFSPEVIPMF,1
CASRPGLAGGRPEQYF,LLFGPVYV,1
CASRYRDDSYNEQFF,EENLLDFVRF,1
CASSFTWTSGGATDTQYF,FLRGRAYGL,1
CASRPGLAGGRPEQYF,MLWGYLQYV,1
CASSLGQAYEQYF,EEYLKAWTF,1
CASSLGQAYEQYF,EEYLQAFTY,1
CASSARSGELFF,HPVGEADYFEY,1
CASRPGLAGGRPEQYF,LGYGFVNYI,1
CASSLSFGTEAFF,AAGIGILTV,1
CAISEVGVGQPQHF,AAGIGILTV,1
CASRPGLAGGRPEQYF,LLFGFPVYV,1
CASGQGNFDIQYF,FLRGRAYGL,1
CASSLWEKLAKNIQYF,ALWGPDPAAA,1
CASSPTSGIYEQYF,RFPLTFGWCF,1
CASSSWDTGELFF,RYPLTFGWCF,1
CASSSWDTGELFF,RYPLTLGWCF,1
CASSFLGTGVEQYF,ALGIGILTV,1
CASRPGLMSAQPEQYF,LLFGYPVYV,1
CASREGLGGTEAFF,KRWIILGLNK,1
CASREGLGGTEAFF,KRWIIMGLNK,1
CAWSETGLGMGGWQF,ELAAIGILTV,1
CAWSETGLGMGGWQF,ELAGIGALTV,1
CASSLTGGGELFF,TAFTIPSI,1
CASSYQGTEAFF,ILAKFLHWL,1
CASSARSGELFF,HPVGDADYFEY,1
CASSARSGELFF,HPVGQADYFEY,1
CAWSETGLGTGELFF,EAAGIGILTV,1
CASSLRGRGDQPQHF,HSKKKCDEL,1
CASSDWVSYEQYF,ALWGFFPVL,1
CWSFAGSYYVF,SLLMWITQV,1
CAWSVSVGAGVPTIYF,RYPLTFGWCF,1
CASSFLGTGVEQYF,EAAGIGILTV,1
CASSLEGGYYNEQFF,IPSINVHHY,1
CAAWDDSLNGWVF,RMFPNAPYL,1
CASRRGPYEQYF,KLVALVINAV,1
CASSFNMATGQYF,EVDPIGHLY,1
CASSFNMATGQYF,ESDPIVAQY,1
CASSLWEKLAKNIQYF,YQFGPDFPIA,1
CASSLWEKLAKNIQYF,RQWGPDPAAV,1
CASSLWEKLAKNIQYF,YLGGPDFPTI,1
CASSLWEKLAKNIQYF,MVWGPDPLYV,1
CASSLWEKLAKNIQYF,RQFGPDFPTI,1
CASSLWEKLAKNIQYF,RQFGPDWIVA,1
CASSFIGGTDTQYF,YLEPGPVTV,1
CASSSRSSYEQYF,GILGLVFTL,1
CASSIRSSYEQYF,GILEFVFTL,1
CASSLWEKLAKNIQYF,AQWGPDPAAA,1
CASRRGPYEQYF,KLVALGINAV,1
CASSDTVSYEQYF,SLYNTVATL,1
CASSDTVSYEQYF,SLYNTIATL,1
CASSDTVSYEQYF,SLFNTIAVL,1
CASSANPGDSSNEKLFF,VMAPRTLIL,1
CASSANPGDSSNEKLFF,VMAPRTLVL,1
CASSLGQGLLYGYTF,GTSGSPIVNR,1
CASSLGQGLLYGYTF,GTSGSPIINR,1
CASRTRGGTLIEQYF,IPLTEEAEL,1
CASRRGSAELYF,KLVALGINAV,1
CASSLSFGTEAFF,SMLGIGIVPV,1
CASSLSFGTEAFF,MMWDRGLGMM,1
CASSFRGGKTQYF,IPLTEEAEL,1
CASRTRGGTLIEQYF,VPLTEDAEL,1
CASSWSFGTEAFF,AAGIGILTV,1
CAWSETGLGTGELFF,AAGIGILTV,1
CAWSETGLGMGGWQF,AAGIGILTV,1
CASSMSAMGTEAFF,FEDLRVLSF,1
CASSRTSPTDTQYF,KQWLVWLFL,1
CASSPLDVSISSYNEQFF,SLSKILDTV,1
CASSSPGGVSTEAFF,SLLMWITQV,1
CSVGGSGGADTQYF,SLLMWITQV,1
CASSYLNRDSALDF,SLLMWITQV,1
CASSLGFGRDVMRF,RMFPNAPYL,1
CAWSETGLGMGGWQF,EAAGIGILTV,1
CASSFLMTSGDPYEQYF,GVYDGREHTV,1
CASSDPGTEAFF,GADGVGKSAL,1
CASSITLSSYNEQFF,ITDQVPFSV,1
CASSITLSSYNEQFF,IMDQVPFSV,1
CASSMGGTYEQYF,ITDQVPFSV,1
CASSMGGTYEQYF,ILDQVPFSV,1
CASSQDLFTGGYTF,RPPIFIRRL,1
CASSIQQGADTQYF,HMTEVVRHC,1
CASSEGLWQVGDEQYF,HMTEVVRHC,1
CAISELVTGDSPLHF,HMTEVVRHC,1
CASSLGGAGGADTQYF,RLQSLQTYV,1
CASSPDIEQYF,YLQPRTFLL,1
CAGQVTNTGELFF,YLQPRTFLL,1
CASSYSIRGSRGEQFF,RLPAKAPLL,1
CASSYSIRGSRGEQFF,RLPAKAPL,1
CASSLGIDAIYF,TPQDLNTML,1
CASSLGREYGYTF,RMYSPVSIL,1
CASSLGREYGYTF,RMYSPVSI,1
CASSLDPGDTGELFF,HMTEVVRHC,1
CASSGLAGGPVSGANVLTF,ALHGGWTTK,1
CASSLVAETYEQYF,ALHGGWTTK,1
CSVVDAAPGANVLTF,LLWNGPMAV,1
CAWSPGPVNEQFF,LLWNGPMAV,1
CSARASYEQYF,LLWNGPMAV,1
CASSDSGTDTQYF,LLWNGPMAV,1
CASSFGTGRAGYTF,LLWNGPMAV,1
CASSDWGGTGRGPEAFF,LLWNGPMAV,1
CASSQDPTGYYGYTF,LLWNGPMAV,1
CSARAEGGELFF,LLWNGPMAV,1
CATSDWSGGPGGDEQFF,LLWNGPMAV,1
CASSSTYSGGTYEQYF,LLWNGPMAV,1
CASTWKGGGTEAFF,LLWNGPMAV,1
CASAPGGSYEQYF,LLWNGPMAV,1
CATSREQGDTGELFF,LLWNGPMAV,1
CASRGLVDRTYGYTF,LLWNGPMAV,1
CASSWTGTSEQFF,LLWNGPMAV,1
CASSAQDRGKETQYF,LLWNGPMAV,1
CSAHAGTGGAETQYF,LLWNGPMAV,1
CATPGNYEQYF,LLWNGPMAV,1
CASSPRQGQLEQYF,LLWNGPMAV,1
CASSPGTSGIDSRSYNEQFF,LLWNGPMAV,1
CASSGGTELAKNIQYF,LLWNGPMAV,1
CASSLSTGLGANVLTF,LLWNGPMAV,1
CATEEREKDTQYF,LLWNGPMAV,1
CASSLYYLTNSYNEQFF,LLWNGPMAV,1
CASTLGQTLTGELFF,LLWNGPMAV,1
CASSLHRGTEAFF,LLWNGPMAV,1
CASSLAGVEQFF,LLWNGPMAV,1
CASSLVGEGDQPQHF,LLWNGPMAV,1
CASSPSASGSSYEQYF,LLWNGPMAV,1
CASSTEREAPYEQYF,LLWNGPMAV,1
CASSTTGFTDTQYF,LLWNGPMAV,1
CASSIGLADYNEQFF,LLWNGPMAV,1
CASSWTGTSERFF,LLWNGPMAV,1
CASSLGLGSAKNIQYF,LLWNGPMAV,1
CASSQIMEAPYGYTF,LLWNGPMAV,1
CASTPLREENNEQFF,LLWNGPMAV,1
CASSWGDTYEQYF,LLWNGPMAV,1
CASSLNRESPYEQYF,LLWNGPMAV,1
CASRVPAYNEQFF,LLWNGPMAV,1
CASSPRLVAGSAYNEQFF,LLWNGPMAV,1
CASSDTGGRDEQFF,LLWNGPMAV,1
CASSPQGYEQYF,LLWNGPMAV,1
CSVVDAAPGGSYEQYF,LLWNGPMAV,1
CASSFYICSARASYEQYF,LLWNGPMAV,1
CASSFLAGGNEQFF,LLWNGPMAV,1
CAWSGDRAMVSGELFF,LLWNGPMAV,1
CASSEGANTEAFF,LLWNGPMAV,1
CASSFRGRESYEQYF,LLWNGPMAV,1
CSAPQRQANTGELFF,LLWNGPMAV,1
CSASRRGGTNEKLFF,LLWNGPMAV,1
CASRKTGYTGELFF,LLWNGPMAV,1
CASSMRRGTDTQYF,LLWNGPMAV,1
CASSHWREESEQFF,LLWNGPMAV,1
CSARDAPSRETQYF,LLWNGPMAV,1
CASSTGPDTPPNTGELFF,LLWNGPMAV,1
CASSVAGGFTDTQYF,LLWNGPMAV,1
CATARQGDQETQYF,LLWNGPMAV,1
CASSVAKGGHSDDGYTF,LLWNGPMAV,1
CASIDRDRGNIQYF,LLWNGPMAV,1
CATSPGTSGDNEQFF,LLWNGPMAV,1
CASSYTTSGRSEQYF,LLWNGPMAV,1
CASSPGLFLSNEQFF,LLWNGPMAV,1
CASSYDRANYGYTF,LLWNGPMAV,1
CASSAGSGASYEQYF,LLWNGPMAV,1
CASSLMYEQYF,LLWNGPMAV,1
CASSLSARRDMEETQYF,LLWNGPMAV,1
CASRWGGSAGTDTQYF,LLWNGPMAV,1
CASSLRGADNEQFF,LLWNGPMAV,1
CASSTRGLRSGNTIYF,LLWNGPMAV,1
CASSLGQGGNEQFF,LLWNGPMAV,1
CASSLAGSSYEQYF,LLWNGPMAV,1
CASSRNRDSLQETQYF,LLWNGPMAV,1
CASRRPDGGEAFF,LLWNGPMAV,1
CASSAEDRQYYNEKLFF,LLWNGPMAV,1
CASSLFRGETQYF,LLWNGPMAV,1
CASSLTQGNYEQYF,LLWNGPMAV,1
CASSYAISYEQYF,LLWNGPMAV,1
CASSGGYEHNEQFF,LLWNGPMAV,1
CASSQGDPSGTQYF,LLWNGPMAV,1
CSAPQRRETQYF,LLWNGPMAV,1
CASSFLAGPDTPPNTGELFF,LLWNGPMAV,1
CASYTLGYTNTGELFF,LLWNGPMAV,1
CSARDAPSRGGTNEKLFF,LLWNGPMAV,1
CASSKNYEQYF,LLWNGPMAV,1
CASSHWRGTDTQYF,LLWNGPMAV,1
CSASRRETQYF,LLWNGPMAV,1
CASGGTGATYSNQPQHF,LLLGIGILV,1
CASRPDFTGEQYF,LLLGIGILV,1
CASSPTSIANTGELFF,LLLGIGILV,1
CASSTASYEQYF,LLLGIGILV,1
CSGGQGDGYTF,LLLGIGILV,1
CASSQEGTGLMNTEAFF,LLLGIGILV,1
CATSSSGLGAEQYF,LLLGIGILV,1
CASSLDLGVGGQPQHF,LLLGIGILV,1
CASSLGLASGSNEQFF,LLLGIGILV,1
CASIQVARGEGQENYGYTF,LLLGIGILV,1
CASALVVLDTEAFF,LLLGIGILV,1
CSAGRKTSGRYQETQYF,LLLGIGILV,1
CASSDGPTGFATQYF,LLLGIGILV,1
CASSYGGLGQPQHF,LLLGIGILV,1
CASSLGGSYEQYF,LLLGIGILV,1
CASSDPATEGAFF,LLLGIGILV,1
CSARSRGREGPITDTQYF,LLLGIGILV,1
CASSLGAGGEQFF,LLLGIGILV,1
CASSSGQGGTGELFF,LLLGIGILV,1
CASSHNWGDRDGQYF,LLLGIGILV,1
CSATREDTQYF,LLLGIGILV,1
CATSRDFLGDKDYEQYF,LLLGIGILV,1
CSAGRTVAGPGGAYNEQFF,LLLGIGILV,1
CASTETGLMNTEAFF,LLLGIGILV,1
CASSPGRETAINQPQHF,LLLGIGILV,1
CASSGGTGGNEQFF,LLLGIGILV,1
CASRGEDNEQFF,LLLGIGILV,1
CASSFGLIEVPGNTIYF,LLLGIGILV,1
CASSSSGSSYEQYF,LLLGIGILV,1
CSARDWDTQYF,LLLGIGILV,1
CASSEGLAGARTYNEQFF,LLLGIGILV,1
CASSLGQGAGGQPQHF,LLLGIGILV,1
CASSLAVDRGGYGYTF,LLLGIGILV,1
CAWTPGTSVNNEQFF,LLLGIGILV,1
CASRHEGLGGYGYTF,LLLGIGILV,1
CASSLERNFDTEAFF,LLLGIGILV,1
CASSGQRSGNTIYF,LLLGIGILV,1
CASSLAQMNTEAFF,LLLGIGILV,1
CASSLTGGAGAFF,LLLGIGILV,1
CARSLDGNEQFF,LLLGIGILV,1
CASSPPTGSNTEAFF,LLLGIGILV,1
CASSMGFGQPQHF,LLLGIGILV,1
CASRFRRPYGYTF,LLLGIGILV,1
CSAHPEEGEQYF,LLLGIGILV,1
CSARDHEGSNYGYTF,LLLGIGILV,1
CASTLGTANNEQFF,LLLGIGILV,1
CASSEGPMNTEAFF,LLLGIGILV,1
CASRRGGGDTQYF,LLLGIGILV,1
CASSPGGLEAFF,LLLGIGILV,1
CATSRDTPQTDQETQYF,LLLGIGILV,1
CASSSGTAQAYNEQFF,LLLGIGILV,1
CATSRSGLSGNTIYF,LLLGIGILV,1
CASSTGQVDTGELFF,LLLGIGILV,1
CASSLGVAYQETQYF,LLLGIGILV,1
CASSLGGPSGGYTF,LLLGIGILV,1
CASSASGGANVLTF,LLLGIGILV,1
CASSLASGELFF,LLLGIGILV,1
CASGDRNGYTF,LLLGIGILV,1
CAWSALLPGQGEKNTEAFF,LLLGIGILV,1
CASSFGSVDTDTQYF,LLLGIGILV,1
CASSQGLAGDNEQYF,LLLGIGILV,1
CSVEGGMGQPQHF,LLLGIGILV,1
CASSPGPGELFF,LLLGIGILV,1
CASGQTYEQYF,LLLGIGILV,1
CASSPSYSGGEETQYF,LLLGIGILV,1
CASIRGQGVDTEAFF,LLLGIGILV,1
CASSYGLAGGGEQFF,LLLGIGILV,1
CASSPGLASYNEQFF,LLLGIGILV,1
CASSGELLSNTEAFF,LLLGIGILV,1
CASSSDRRDEPQHF,LLLGIGILV,1
CASSQGPFREEAFF,LLLGIGILV,1
CATSDLSQGVDTQYF,LLLGIGILV,1
CASTLGGGWGYTF,LLLGIGILV,1
CASSLGRLAGGQETQYF,LLLGIGILV,1
CASSYGVLGQPQHF,LLLGIGILV,1
CASSTGTGQPQHF,LLLGIGILV,1
CASSLVWTGEETQYF,LLLGIGILV,1
CASSPGWANTGELFF,LLLGIGILV,1
CASSLGFGGATEAFF,LLLGIGILV,1
CASSSGVGHEAFF,LLLGIGILV,1
CASSLQGLGNTIYF,LLLGIGILV,1
CADREFMNTEAFF,LLLGIGILV,1
CASSPSGGLENTGELFF,LLLGIGILV,1
CASSGGLNQPQHF,LLLGIGILV,1
CATLRDERKGCEQYF,LLLGIGILV,1
CASTQSWQGQETQYF,LLLGIGILV,1
CAWSLYYTGHEQYF,LLLGIGILV,1
CASSYSSLGYEQYF,LLLGIGILV,1
CSVRTAISTDTQYF,LLLGIGILV,1
CASSLGGLGQPQHF,LLLGIGILV,1
CASSQGTLKGTEAFF,LLLGIGILV,1
CASINEGLGQPQHF,LLLGIGILV,1
CASSLGVLQETQYF,LLLGIGILV,1
CASKRGMGTEAFF,LLLGIGILV,1
CSARPRPGQGHYSNQPQHF,LLLGIGILV,1
CASSYSSPETGGQPQHF,LLLGIGILV,1
CASSLPGLAENQETQYF,LLLGIGILV,1
CASSLFASGNEQFF,LLLGIGILV,1
CSASQLGLGQPQHF,LLLGIGILV,1
CASSPGGAGELFF,LLLGIGILV,1
CASSPDGNEQFF,LLLGIGILV,1
CASSDIKDSTDTQYF,LLLGIGILV,1
CATSLQGFGQPQHF,LLLGIGILV,1
CASNQPLAYNEQFF,LLLGIGILV,1
CASSLGMGQPQHF,LLLGIGILV,1
CASSSGTPVYSGNTIYF,LLLGIGILV,1
CASSEAVDRGNTEAFF,LLLGIGILV,1
CAATSGEASGQPQHF,LLLGIGILV,1
CSATLTGLGQPQHF,LLLGIGILV,1
CSARDFRGTSGTGELFF,LLLGIGILV,1
CASSLAELDGNTIYF,LLLGIGILV,1
CASSLGQFQETQYF,LLLGIGILV,1
CASSLTGVGNEQFF,LLLGIGILV,1
CASTTGMGQPQHF,LLLGIGILV,1
CASSEGIMRPGQTPYEQYF,LLLGIGILV,1
CASSSPFRSGTDTQYF,LLLGIGILV,1
CASSSPSSRGLETQYF,LLLGIGILV,1
CASSYPLAGGTYEQYF,LLLGIGILV,1
CASSQGYGVLGTEAFF,LLLGIGILV,1
CASGPGGVGQPQHF,LLLGIGILV,1
CASSLAQGLNEQFF,LLLGIGILV,1
CASSQGVFGQPQHF,LLLGIGILV,1
CASSPGSGNTIYF,LLLGIGILV,1
CASSPGVNTEAFF,LLLGIGILV,1
CASSQGMGQPQHF,LLLGIGILV,1
CASSQGQLNTGELFF,LLLGIGILV,1
CASSVGRFVGPYEKLFF,LLLGIGILV,1
CATRREVGYGYTF,LLLGIGILV,1
CSARQGLGTEAFF,LLLGIGILV,1
CASSFQGVFTEAFF,LLLGIGILV,1
CASSQEAQGLGEKLFF,LLLGIGILV,1
CASSQGPLITEAFF,LLLGIGILV,1
CASSLALGTEAFF,LLLGIGILV,1
VQGVPGPGVNEQFF,LLLGIGILV,1
CASTMGALGTGELFF,LLLGIGILV,1
CASSFQGVGQPQHF,LLLGIGILV,1
CASSSLSTGGTYEQYF,LLLGIGILV,1
CASRNPLPTGHRGEAFF,LLLGIGILV,1
CASNPSPGNTGELFF,LLLGIGILV,1
CASSQQGAGQPQHF,LLLGIGILV,1
CASSLGGLGNTIYF,LLLGIGILV,1
CASSRGANQPQHF,LLLGIGILV,1
CASSFVPGPQETQYF,LLLGIGILV,1
CASSPPGTKSNEQFF,LLLGIGILV,1
CSATGQGAPNEQFF,LLLGIGILV,1
CASSPTREVGHGQFF,LLLGIGILV,1
CASSLGALYGTEAFF,LLLGIGILV,1
CASSSGLGQPQHF,LLLGIGILV,1
CASCNQGVGQPQHF,LLLGIGILV,1
CASSPGMEQYF,LLLGIGILV,1
CASSHGEGLAVSYNEQFF,LLLGIGILV,1
CATSRDLSGRPDTEAFF,LLLGIGILV,1
CASSRTGSEAFF,LLLGIGILV,1
CASSQDLMGRTSTDTQYF,LLLGIGILV,1
CASSSHSLTMNTEAFF,LLLGIGILV,1
CASEDFRDAPNTGELFF,LLLGIGILV,1
CSADRTPGQGVHEQYF,LLLGIGILV,1
CASTFSLEKLFF,LLLGIGILV,1
CASSLAVGVVAEQFF,LLLGIGILV,1
CSAGQGVGQPQHF,LLLGIGILV,1
CASSFPINRLVADTQYF,LLLGIGILV,1
CASTPGGLGQPQHF,LLLGIGILV,1
CASTVSTGAYEQYF,LLLGIGILV,1
CSATGVGYNEQFF,LLLGIGILV,1
CSAREFGLDSYNEQFF,LLLGIGILV,1
CASSETGVGQPQHF,LLLGIGILV,1
CSARGLAGVNEQFF,LLLGIGILV,1
CASSPGLGPGAFF,LLLGIGILV,1
CASSLGVGSPAFF,LLLGIGILV,1
CASSSDWDTEAFF,LLLGIGILV,1
CASSEGADTGELFF,LLLGIGILV,1
CASSQGVLAGPGYKEQYF,LLLGIGILV,1
CASSLVGQGAANYGYTF,LLLGIGILV,1
CSARPRDRGINEQFF,LLLGIGILV,1
CASSELGTSNEQYF,LLLGIGILV,1
CASSQEGLGNEQFF,LLLGIGILV,1
CASSSGYGQPQHF,LLLGIGILV,1
CASSWTGNEQFF,LLLGIGILV,1
CASSLFGYPRAPNTEAFF,LLLGIGILV,1
CASSPQGPGTGELFF,LLLGIGILV,1
CSASGTGGVETQYF,LLLGIGILV,1
CASSAGGMGYGYTF,LLLGIGILV,1
CASSESGSGRAETGELFF,LLLGIGILV,1
CATSRDRTGGNEQFF,LLLGIGILV,1
CAAGGGAYTGELFF,LLLGIGILV,1
CATGQTYEQYF,LLLGIGILV,1
CASSYLVGRGAIAHYGYTF,LLLGIGILV,1
CASSSPVQTSGLHEQFF,LLLGIGILV,1
CATSEAPVTSTDTQYF,LLLGIGILV,1
CASSRLAGGLRHEQFF,LLLGIGILV,1
CASSITSGSLNEQYF,LLLGIGILV,1
CASSFWDTWTETQYF,LLLGIGILV,1
CASSPAALEETQYF,LLLGIGILV,1
CSASLTGVGQPQHF,LLLGIGILV,1
CASSYGLNQPQHF,LLLGIGILV,1
CASSLGSYGYTF,LLLGIGILV,1
CATDGQSGSGSDEQFF,LLLGIGILV,1
CATSSPGTSGTGELFF,LLLGIGILV,1
CASSPGTSGRIDEQFF,LLLGIGILV,1
CASSQDGHGSSYNEQFF,LLLGIGILV,1
CSARDLPVLSGRYEQFF,LLLGIGILV,1
CASSFRGAGDQPQHF,LLLGIGILV,1
CASSIEAGGTDTQYF,LLLGIGILV,1
CSARKSASVRETQYF,LLLGIGILV,1
CASSDPVRGLEQYF,LLLGIGILV,1
CASSQTQGNEQFF,LLLGIGILV,1
CSVVLAGGPDTDTQYF,LLLGIGILV,1
CASSLSALAADTQYF,LLLGIGILV,1
CASSYGEISGQPQHF,LLLGIGILV,1
CASSSPEAGIGELFF,LLLGIGILV,1
CASSSQGGNYGYTF,LLLGIGILV,1
CASSQDLLGNEQFF,LLLGIGILV,1
CASSTGQGQEQYF,LLLGIGILV,1
CASSRPVGLGNEQFF,LLLGIGILV,1
CASSQSGQGNEKLFF,LLLGIGILV,1
CASSPGTTNTEAFF,LLLGIGILV,1
CSAELGMGQPQHF,LLLGIGILV,1
CASSLNVGGEDTQYF,LLLGIGILV,1
CASSQGPASGGELFF,LLLGIGILV,1
CASSEAGVGTEAFF,LLLGIGILV,1
CASSLGVLGQPQHF,LLLGIGILV,1
CASTTGLGQPQHF,LLLGIGILV,1
CASSQRGNEQFF,LLLGIGILV,1
CASSSAAPVSMNTEAFF,LLLGIGILV,1
CASSPETRGSGDYEQYF,LLLGIGILV,1
CASSQGAVGLDDYGYTF,LLLGIGILV,1
CSARDGLAGGVGELFF,LLLGIGILV,1
CASSDSSGSTDTQYF,LLLGIGILV,1
CSARAGTSGIGEQYF,LLLGIGILV,1
CAWSPTGMGTEAFF,LLLGIGILV,1
CSADDRTSGNTIYF,LLLGIGILV,1
CASGPGYGNTIYF,LLLGIGILV,1
CSASRPLGGLSYEQYF,NEGVKAAW,1
CASSLMGGAHYGYTF,NEGVKAAW,1
CASSFTLGGTDTQYF,NEGVKAAW,1
CASSIVSGPYNEQFF,NEGVKAAW,1
CASSIVVGPYNEQFF,NEGVKAAW,1
CASSLMGGASGGYTF,NEGVKAAW,1
CASSVATGTYEQYF,NEGVKAAW,1
CSVPGGSQETNEKLFF,NEGVKAAW,1
CASSKVAGALNEQFF,NEGVKAAW,1
CASSIFGEQFF,NEGVKAAW,1
CASSLDAGGTYEQYF,NEGVKAAW,1
CASIPTAMNTEAFF,NEGVKAAW,1
CASSLVQGTYEQYF,NEGVKAAW,1
CASSFFGNSYEQYF,NEGVKAAW,1
CSVEPSGGSNEQFF,NEGVKAAW,1
CASSLEGGGYEQYF,NEGVKAAW,1
CASSIFGEQYF,NEGVKAAW,1
CASSISGLNTDTQYF,NEGVKAAW,1
CASSIFGELFF,NEGVKAAW,1
CASSFAGELFF,NEGVKAAW,1
CASRQRVLASDEQFF,NEGVKAAW,1
CASSYVRTAEQFF,NEGVKAAW,1
CASSVFGEQYF,NEGVKAAW,1
CASSLVIAGLQETQYF,NEGVKAAW,1
CASSTIAGGYNEQFF,NEGVKAAW,1
CASSFVGELFF,NEGVKAAW,1
CASSLSAHAGDTQYF,NEGVKAAW,1
CASRQQGGSTEAFF,NEGVKAAW,1
CSATLNWGFF,NEGVKAAW,1
CASSKVRRGRADEQFF,NEGVKAAW,1
CASSVFGELFF,NEGVKAAW,1
CASSSDRSWTDEAFF,NEGVKAAW,1
CASSLSSHPGDTQYF,NEGVKAAW,1
CASSIGQGPYEQYF,NEGVKAAW,1
CASSPWTRQETQYF,NEGVKAAW,1
CASSPRSGNEQYF,NEGVKAAW,1
CASSLGPQNTGELFF,NEGVKAAW,1
CASSIVAGALNEQFF,NEGVKAAW,1
CASSFTSGSYGSSYNEQFF,NEGVKAAW,1
CSASGGALSSYNEQFF,NEGVKAAW,1
CASSLASRGGAYNEQFF,NEGVKAAW,1
CASSMTGVGSYNEQFF,NEGVKAAW,1
CASSLASRGGALNEQFF,NEGVKAAW,1
CASSITGTGEAFF,NEGVKAAW,1
CASSEGQFMNTEAFF,NEGVKAAW,1
CASSYRRPSSYNEQFF,NEGVKAAW,1
CANTSIGSGANVLTF,NEGVKAAW,1
CASSNWDSQETQYF,NEGVKAAW,1
CASSIAGRGGYSPLHF,NEGVKAAW,1
CATSEAANTGELFF,QASQEVKNW,1
CASSSGDETQYF,QASQEVKNW,1
CASSMIQGADTQYF,TPQDLNTML,1
CASSLGLREQFF,TPQDLNTML,1
CASSFGQGAIEQYF,KRWIILGLNK,1
CASSQDRMDRAGEQYF,KRWIILGLNK,1
CASSQDQTLYFMNTEAFF,KRWIILGLNK,1
CATSRDGAGSNEKLFF,KRWIILGLNK,1
CASSLVLAIEQYF,KRWIILGLNK,1
CASSLEGGAALWDTQYF,KRWIILGLNK,1
CASSGLAGLGQFF,KRWIILGLNK,1
CASSQDQALYFMNTEAFF,KRWIILGLNK,1
CASSLSSGSSYEQYF,KRWIILGLNK,1
CASSSGETGNTEAFF,QASQEVKNW,1
CAWSVFSGAYEQYF,QASQEVKNW,1
CASSLLTLARENTEAFF,QASQEVKNW,1
CASSPVSGEDEQYF,QASQEVKNW,1
CASSSPGTGSGELFF,QASQEVKNW,1
CAISAPDIAGNTIYF,QASQEVKNW,1
CASSVGPGQTEAFF,QASQEVKNW,1
CASSVEIGQTEAFF,QASQEVKNW,1
CASSYGGTGPEGSSYEQYF,TPQDLNTML,1
CASSSRDREETQYF,TPQDLNTML,1
CASSLGGTNHGYTF,KRWIILGLNK,1
CASSPGTGKNIQYF,KRWIILGLNK,1
CASSQEGVNTEAFF,KRWIILGLNK,1
CASSQAQGLSNSPLHF,KRWIILGLNK,1
CASSRTQGPNTDTQYF,KRWIILGLNK,1
CASSLDHLAGVNNEQFF,KRWIILGLNK,1
CASSGQLLEAFF,KRWIILGLNK,1
CASSLEGSRNTEAFF,KRWIILGLNK,1
CASSQPPDRGYGYTF,KRWIILGLNK,1
CASSLVGSYEQFF,KRWIILGLNK,1
CASSTTSGRYEQYF,KRWIILGLNK,1
CASSLSSDEHGYTF,KRWIILGLNK,1
CASSLGNYEQYF,VLEETSVML,1
CASSLSTGGALGTIYF,VLEETSVML,1
CASSWDSQSSGNSIYF,VLEETSVML,1
CSVSEGASEQYF,VLEETSVML,1
CSVWGTGKTYEQYF,FLKEKGGL,1
CSVWGEGRSYEQYF,FLKEKGGL,1
CSATILAGVPYGEQYF,FLKEKGGL,1
CSATILAGVPYGGQHF,FLKEKGGL,1
CSASEGTSSYEQYF,FLKEKGGL,1
CASSFDREVTGELFF,FLKEKGGL,1
CASSPDGGNTEAFF,FLKEKGGL,1
CASSVGAGTEAFF,FLKEKGGL,1
CAISESGYGGPPGANVLTF,FLKEKGGL,1
CTISESGYRGPPGANVLTF,FLKEKGGL,1
CAISEPGYRGPPGANVLTF,FLKEKGGL,1
CAISESGYRGPPGANVLTF,FLKEKGGL,1
CASRPTDRNTGELFF,FLKEKGGL,1
CASSLAAGGPYEQYF,FLKEKGGL,1
CASSPPSGSYEQYF,FLKEKGGL,1
CASSLESGQRPYEQYF,FLKEKGGL,1
CASSIGPLEGNEQFF,FLKEKGGL,1
CASSWGQGQLSYEQYF,FLKEKGGL,1
CASSYRGQGNYGYTF,FLKEKGGL,1
CASSYERGMNTEAFF,FLKEKGGL,1
CASSMGQGATEAFF,FLKEKGGL,1
CASSYPMGANEKLFF,FLKEKGGL,1
CASRIGQGTVGELFF,FLKEKGGL,1
CSVDNSYEQYF,FLKEKGGL,1
CSVVGLESSYEQYF,FLKEKGGL,1
CSVGENTEAFF,FLKEKGGL,1
CASSIFGSPFNQPQHF,FLKEKGGL,1
CATLREGPTTGELFF,FLKEKGGL,1
CASSLGQGLANYGYTF,FLKEKGGL,1
CSARPMAASGLTYEQYF,FLKEKGGL,1
CASSEYGAAVYEQYF,FLKEKGGL,1
CASSLNLRGSSGNTIYF,FLKEKGGL,1
CASSSNPGTSGGYSYEQYF,FLKEKGGL,1
CASSGSPGLAGEQTF,FLKEKGGL,1
CASSLLGQYNEQFF,FLKEKGGL,1
CASSLLGQCNEQFF,FLKEKGGL,1
CASSFHPGQGASYSNQPQHF,FLKEKGGL,1
CASSYERGGLPKNIQYF,FLKEKGGL,1
CASSLGQGRSLGHEQYF,FLKEKGGL,1
CASSPRDRVIEDTQYF,FLKEKGGL,1
CSARQYRTDMNTEAFF,ILKEPVHGV,1
CSVEVGAGETQYF,ILKEPVHGV,1
CSVEDLGNEQFF,ILKEPVHGV,1
CSAETSDSYEQYF,ILKEPVHGV,1
CASSYEWGGLPKNIQYF,ILKEPVHGV,1
CASRLVGIGNSPLHF,ILKEPVHGV,1
CAISEDGGETQYF,ILKEPVHGV,1
CAISGDGGETQYF,ILKEPVHGV,1
CTISEWGGETQYF,ILKEPVHGV,1
CASSFGGDEQHF,ILKEPVHGV,1
CASSLGGDTQYF,ILKEPVHGV,1
CASSLGGDEQYF,ILKEPVHGV,1
CASSFGGDTQYF,ILKEPVHGV,1
CASSLRDEQYF,ILKEPVHGV,1
CSVEDSGNEQFF,ILKEPVHGV,1
CSVEDRANEQYF,ILKEPVHGV,1
CSVRAPPMTSPTDEQYF,ILKEPVHGV,1
CASSLDGGETQYF,ILKEPVHGV,1
CASSQDGGETQYF,ILKEPVHGV,1
CASSEPALAEQYYEQYF,FLKEKGGL,1
CASSFTPGTGAPYSNQPQHF,FLKEKGGL,1
CSVEGGSAYEQYF,FLKEKGGL,1
CASSLDREVTGELFF,FLKEKGGL,1
CSAHLYRAYGYTF,FLKEKGGL,1
CASSMGQHSNQPQHF,FLKEKGGL,1
CASSLAWGRAESSYNEQFF,FLKEKGGL,1
CASKWDPGQGSHYSNQPQHF,FLKEKGGL,1
CSVEPSGRARTYNEQFF,FLKEKGGL,1
CAWDVKDRRIGNEQFF,FLKEKGGL,1
CSARDSGRGIENYEQYF,FLKEKGGL,1
CSASSQRGGIYEQYF,FLKEKGGL,1
CASSLVGVGTSDEQFF,FLKEKGGL,1
CASSLSPGTSGSRANEQFF,FLKEKGGL,1
CASSLELAGEDYEQYF,FLKEKGGL,1
CASSLSSNEQFF,FLKEKGGL,1
CASSTLTSGGARDEQFF,FLKEKGGL,1
CSVRDGYEQYF,EIYKRWII,1
CASSPVRGRTEAFF,EIYKRWII,1
CASSLVGPGGREKLFF,EIYKRWII,1
CASSVLTGGRETQYF,EIYKRWII,1
CASSIIKGNQPQHF,EIYKRWII,1
CASSSGLPTNEKLFF,EIYKRWII,1
CASPYMDARSEAFF,EIYKRWII,1
CASSVVGDFRETQYF,EIYKRWII,1
CASSYGGTEAFF,EIYKRWII,1
CASSLPGQGRTPLHF,EIYKRWII,1
CASSLETRNSPLHF,EIYKRWII,1
CASSFLPKNEQFF,EIYKRWII,1
CASSLVRDDRIEQYF,EIYKRWII,1
CASSFPGQGRTEAFF,EIYKRWII,1
CSARLSYEQYF,EIYKRWII,1
CSARDNYEQYF,EIYKRWII,1
CSARDSYEQYF,EIYKRWII,1
CSARLDYEQYF,EIYKRWII,1
CSARYDYEQYF,EIYKRWII,1
CASSLIPSGGRNEQFF,EIYKRWII,1
CASSAITSGGARDEQFF,EIYKRWII,1
CASSVGGDHREEQHF,EIYKRWII,1
CASSAGDIQYF,EIYKRWII,1
CASSAGGIQYF,EIYKRWII,1
CATIRTGFSSYEQYF,EIYKRWII,1
CASSYSRGSGNTIYF,QVPLRPMTYK,1
CASSPYRGPNTEAFF,QVPLRPMTYK,1
CAISAGASFVTRSTDTQYF,QVPLRPMTYK,1
CAIRSTDTQYF,QVPLRPMTYK,1
CASRQQGFVFEAKNIQYF,QVPLRPMTYK,1
CASSEEVEAFF,QVPLRPMTYK,1
CSAPTSGSAAFF,QVPLRPMTYK,1
CSARDSIQFSSNQPQHF,QVPLRPMTYK,1
CASRPGPVKNTGELFF,QVPLRPMTYK,1
CASSLYHNTGELFF,QVPLRPMTYK,1
CASSRTDFTAGELFF,QVPLRPMTYK,1
CASSLTGHPYEQYF,QVPLRPMTYK,1
CASSPGEKYEQYF,QVPLRPMTYK,1
CSVEDRHYEQYF,QVPLRPMTYK,1
CASSYSRGAGNTIYF,QVPLRPMTYK,1
CASTRSGGFRDEQYF,QVPLRPMTYK,1
CASSRRDHQETQYF,QVPLRPMTYK,1
CASSLTAPDTEAFF,KRWIILGLNK,1
CASSGTAPAAEAFF,KRWIILGLNK,1
CASSSTAPDTEAFF,KRWIILGLNK,1
CASSTAPGTEAFF,KRWIILGLNK,1
CASSRSTGELFF,KRWIILGLNK,1
CSARDQRDYQETQYF,KRWIILGLNK,1
CASSVRTGELFF,KRWIILGLNK,1
CASSPRTGELFF,KRWIILGLNK,1
CASSGQGYGYTF,KAFSPEVIPMF,1
CASTGGGYGYTF,KAFSPEVIPMF,1
CASSGQDYGYTF,KAFSPEVIPMF,1
CASSGQGYGYAF,KAFSPEVIPMF,1
CASTGSGYGYTF,KAFSPEVIPMF,1
CASSGQEYGYTF,KAFSPEVIPMF,1
CASTDSYGYTF,KAFSPEVIPMF,1
CASSGGSYGYTF,KAFSPEVIPMF,1
CASSPSMSTGELFF,YLQPRTFLL,1
CSARDHVGQNTGELFF,YLQPRTFLL,1
CASSFGISGELFF,YLQPRTFLL,1
CATSPDPNTGELFF,YLQPRTFLL,1
CATQDANTGELFF,YLQPRTFLL,1
CSVTPDMNTGELFF,YLQPRTFLL,1
CASSPRQGKDNEQFF,YLQPRTFLL,1
CASSPGLTDTQYF,YLQPRTFLL,1
CASSPEVEAFF,YLQPRTFLL,1
CASSLGYEQYF,YLQPRTFLL,1
CASSDLNTGELFF,YLQPRTFLL,1
CSVDLGHPEAFF,YLQPRTFLL,1
CATLDRNTGELFF,YLQPRTFLL,1
CATSDLNTGELFF,YLQPRTFLL,1
CASSSDIEQYF,YLQPRTFLL,1
CASSQGASGFQETQYF,YLQPRTFLL,1
CASSPLGGGNTGELFF,YLQPRTFLL,1
CASSDPRDSSTDTQYF,YLQPRTFLL,1
CASSSDIEAFF,YLQPRTFLL,1
CASSQDRNTGELFF,YLQPRTFLL,1
CASSLSGTEQFF,YLQPRTFLL,1
CATSDLAGTSTDTQYF,YLQPRTFLL,1
CATQVVNTGELFF,YLQPRTFLL,1
CASSSDRDQPQHF,YLQPRTFLL,1
CASTSRQVHEKLFF,YLQPRTFLL,1
CSAKDRGSQETQYF,YLQPRTFLL,1
CASSSNYEQYF,YLQPRTFLL,1
CASSVGGYTEAFF,YLQPRTFLL,1
CAITPGTSGGEQFF,YLQPRTFLL,1
CASSPDIGLFF,YLQPRTFLL,1
CASGTANTGELFF,YLQPRTFLL,1
CASSDMNTGELFF,YLQPRTFLL,1
CASGGTNTGELFF,YLQPRTFLL,1
CAIFSSGLDEQFF,YLQPRTFLL,1
CASGTLNTGELFF,YLQPRTFLL,1
CSARDRGATNTGELFF,YLQPRTFLL,1
CASSFGEGALGAEAFF,YLQPRTFLL,1
CAREASGAGELFF,YLQPRTFLL,1
CADQDLNTGELFF,YLQPRTFLL,1
CASSHGVGQGPYEQYF,YLQPRTFLL,1
CARGQENTGELFF,YLQPRTFLL,1
CASSPSGTSTGELFF,YLQPRTFLL,1
CATQGLNTGELFF,YLQPRTFLL,1
CSVARLAGASPYNEQFF,YLQPRTFLL,1
CASSLWTGSEAFF,YLQPRTFLL,1
CASSYQQGPEAFF,YLQPRTFLL,1
CASSPDPRADTQYF,YLQPRTFLL,1
CASSLGQSYEQYF,YLQPRTFLL,1
CASSQDRGGYTEAFF,YLQPRTFLL,1
CSARDGGMGAFGYTF,YLQPRTFLL,1
CASSLIRGAAFF,YLQPRTFLL,1
CAGGDTNTGELFF,YLQPRTFLL,1
CATEDRNTGELFF,YLQPRTFLL,1
CASADMNTGELFF,YLQPRTFLL,1
CASSPDPNTGELFF,YLQPRTFLL,1
CASNEVNTGELFF,YLQPRTFLL,1
CSAFQDRNTGELFF,YLQPRTFLL,1
CAINKDRNTGELFF,YLQPRTFLL,1
CAWSVVGMGETQYF,YLQPRTFLL,1
CASFVNPNTGELFF,YLQPRTFLL,1
CAGQLANTGELFF,YLQPRTFLL,1
CASQTANTGELFF,YLQPRTFLL,1
CASSDLNSGELFF,YLQPRTFLL,1
CATCSDVNTGELFF,YLQPRTFLL,1
CATGQPNTGELFF,YLQPRTFLL,1
CASSFVRASTEAFF,YLQPRTFLL,1
CASSLDRDGNTGELFF,YLQPRTFLL,1
CAWVERNTGELFF,YLQPRTFLL,1
CSARDREQQNTGELFF,YLQPRTFLL,1
CASMKEMNTGELFF,YLQPRTFLL,1
CATCRVNTGELFF,YLQPRTFLL,1
CASSYMNTGELFF,YLQPRTFLL,1
CAAYDSNTGELFF,YLQPRTFLL,1
CASQRVNTGELFF,YLQPRTFLL,1
CSAHRDLNTGELFF,YLQPRTFLL,1
CASRRTSGGPNNEQFF,YLQPRTFLL,1
CAATGNVNTGELFF,YLQPRTFLL,1
CASGDQNTGELFF,YLQPRTFLL,1
CASYLTGFIDEQYF,YLQPRTFLL,1
CASSDVAGRNTGELFF,YLQPRTFLL,1
CSARDRLAENTGELFF,YLQPRTFLL,1
CASSDGDSGEAFF,YLQPRTFLL,1
CAIQDRGSLNTGELFF,YLQPRTFLL,1
CASRGREELNTGELFF,YLQPRTFLL,1
CASSPPAGGNTGELFF,YLQPRTFLL,1
CADGSANTGELFF,YLQPRTFLL,1
CATGPGQGDYGYTF,YLQPRTFLL,1
CASQDANTGELFF,YLQPRTFLL,1
CASSSLNTGELFF,YLQPRTFLL,1
CSVPRDQNTGELFF,YLQPRTFLL,1
CAGLIMNTGELFF,YLQPRTFLL,1
CASSVWDSEQETQYF,YLQPRTFLL,1
CASSLDRNTGELFF,YLQPRTFLL,1
CASTERNTGELFF,YLQPRTFLL,1
CATLRDLNTGELFF,YLQPRTFLL,1
CASSLANTGELFF,YLQPRTFLL,1
CASQRKNTGELFF,YLQPRTFLL,1
CASQDRNTGELFF,YLQPRTFLL,1
CSARWGQMQNTGELFF,YLQPRTFLL,1
CASSLDVEQYF,YLQPRTFLL,1
CASSPDSEQYF,YLQPRTFLL,1